timestamp,value
2024-07-12 17:32:21.675300,0.5985845412498555
2024-07-12 17:32:22.679577,0.944871254407131
2024-07-12 17:32:23.681220,0.616818268479369
2024-07-12 17:32:24.683716,0.5467186784375375
2024-07-12 17:32:25.685699,0.323824551201759
2024-07-12 17:32:26.688064,0.7223431279717386
2024-07-12 17:32:27.689983,0.523751586781752
2024-07-12 17:32:28.692166,0.6651413494817608
2024-07-12 17:32:29.693915,0.20622236752357725
2024-07-12 17:32:30.695901,0.3587161200487925
2024-07-12 17:32:31.697774,0.9025595942939671
2024-07-12 17:32:32.699842,0.17213765724249452
2024-07-12 17:32:33.702960,0.5321159056015791
2024-07-12 17:32:34.704283,0.8524155847946827
2024-07-12 17:32:35.706079,0.5091983712179605
2024-07-12 17:32:36.708550,0.2460627876283047
2024-07-12 17:32:37.711509,0.2552879182072947
2024-07-12 17:32:38.714612,0.5101256016536915
2024-07-12 17:32:39.716186,0.8964742783390512
2024-07-12 17:32:40.718616,0.8652553243234141
2024-07-12 17:32:41.720306,0.47363013872855475
2024-07-12 17:32:42.721916,0.24642936944838945
2024-07-12 17:32:43.723661,0.39679724742463207
2024-07-12 17:32:44.725704,0.74679840087959
2024-07-12 17:32:45.727378,0.2981768808898989
2024-07-12 17:32:46.729609,0.3835293377931738
2024-07-12 17:32:47.732093,0.3254340801804191
2024-07-12 17:32:48.734068,0.9866630602442612
2024-07-12 17:32:49.735675,0.7412540393512889
2024-07-12 17:32:50.738408,0.36927129313780926
2024-07-12 17:32:51.740158,0.7160585260313554
2024-07-12 17:32:52.742116,0.37329647118228904
2024-07-12 17:32:53.744307,0.039495138963123066
2024-07-12 17:32:54.746662,0.6253306664806418
2024-07-12 17:32:55.747931,0.10832019665046022
2024-07-12 17:32:56.749789,0.9119889263112761
2024-07-12 17:32:57.751549,0.06695771083095448
2024-07-12 17:32:58.753429,0.9843025119760178
2024-07-12 17:32:59.755237,0.46390446245798656
2024-07-12 17:33:00.757043,0.7582473188637198
2024-07-12 17:33:01.758825,0.0798602731073349
2024-07-12 17:33:02.760371,0.5959334125419102
2024-07-12 17:33:03.762522,0.7409411919485892
2024-07-12 17:33:04.764506,0.9404396255566221
2024-07-12 17:33:05.766276,0.2643317012448664
2024-07-12 17:33:06.768132,0.07369118292690502
2024-07-12 17:33:07.770249,0.42161222142238175
2024-07-12 17:33:08.772503,0.13789839262791048
2024-07-12 17:33:09.773937,0.7855977779435879
2024-07-12 17:33:10.775836,0.18326699100258026
2024-07-12 17:33:11.777709,0.8189477829106601
2024-07-12 17:33:12.779357,0.8244880103908343
2024-07-12 17:33:13.781463,0.6914486187819556
2024-07-12 17:33:14.783510,0.3625594083090049
2024-07-12 17:33:15.785322,0.6231625414924414
2024-07-12 17:33:16.787070,0.8059063673490099
2024-07-12 17:33:17.788653,0.4693657574731138
2024-07-12 17:33:18.790475,0.10638287754611597
2024-07-12 17:33:19.792333,0.8402403640679659
2024-07-12 17:33:20.794097,0.5661138106224455
2024-07-12 17:33:21.795807,0.1266604489030354
2024-07-12 17:33:22.797905,0.9020344436830364
2024-07-12 17:33:23.799763,0.9781439660409186
2024-07-12 17:33:24.801336,0.03676439326295211
2024-07-12 17:33:25.803472,0.5302711040166274
2024-07-12 17:33:26.805398,0.5207261292859283
2024-07-12 17:33:27.807253,0.14031753797161717
2024-07-12 17:33:28.809198,0.5581437812621077
2024-07-12 17:33:29.811280,0.9827473426393409
2024-07-12 17:33:30.813522,0.2787925522013587
2024-07-12 17:33:31.815820,0.503611025854531
2024-07-12 17:33:32.817771,0.8232847099696035
2024-07-12 17:33:33.819471,0.463280967587943
2024-07-12 17:33:34.821427,0.4656425423685855
2024-07-12 17:33:35.823110,0.20533300828360534
2024-07-12 17:33:36.824839,0.10871910098742033
2024-07-12 17:33:37.826627,0.7665971091083524
2024-07-12 17:33:38.828608,0.58480013545834
2024-07-12 17:33:39.830626,0.6270595482044177
2024-07-12 17:33:40.832789,0.8628958261570204
2024-07-12 17:33:41.834835,0.842852578391766
2024-07-12 17:33:42.836574,0.7751941417544655
2024-07-12 17:33:43.838122,0.5500547487629157
2024-07-12 17:33:44.840294,0.5748996344456615
2024-07-12 17:33:45.842705,0.1865188239154293
2024-07-12 17:33:46.844376,0.780824140756632
2024-07-12 17:33:47.846328,0.34902911906021206
2024-07-12 17:33:48.847922,0.031233958406676532
2024-07-12 17:33:49.849733,0.6708433237663202
2024-07-12 17:33:50.851300,0.00016722643635980194
2024-07-12 17:33:51.852816,0.033508600342426864
2024-07-12 17:33:52.855674,0.5546561544208433
2024-07-12 17:33:53.859319,0.2138281879220587
2024-07-12 17:33:54.860719,0.4439533471880077
2024-07-12 17:33:55.862487,0.6021293362273881
2024-07-12 17:33:56.864958,0.22853466272957879
2024-07-12 17:33:57.866596,0.9381091150566704
2024-07-12 17:33:58.868308,0.936819495123288
2024-07-12 17:33:59.870473,0.44777379839992326
2024-07-12 17:34:00.872290,0.13897045991329027
2024-07-12 17:34:01.873814,0.44598781218514727
2024-07-12 17:34:02.876257,0.14246489102832893
2024-07-12 17:34:03.878502,0.4900182844011517
2024-07-12 17:34:04.880465,0.2717732532104862
2024-07-12 17:34:05.882191,0.009900645065432645
2024-07-12 17:34:06.884222,0.14625056499223676
2024-07-12 17:34:07.885780,0.9112367516669145
2024-07-12 17:34:08.887306,0.23500148723465608
2024-07-12 17:34:09.889277,0.4245990559899596
2024-07-12 17:34:10.891213,0.5417320042644532
2024-07-12 17:34:11.892944,0.07580457652628891
2024-07-12 17:34:12.894903,0.6525358329018293
2024-07-12 17:34:13.896745,0.11836102085691869
2024-07-12 17:34:14.898701,0.5795207855720886
2024-07-12 17:34:15.900288,0.6799453536358624
2024-07-12 17:34:16.902312,0.9326678753209129
2024-07-12 17:34:17.904019,0.6982156513434965
2024-07-12 17:34:18.905696,0.10770579879327524
2024-07-12 17:34:19.907684,0.567088991263195
2024-07-12 17:34:20.909598,0.1757944568652544
2024-07-12 17:34:21.911214,0.8585281047642718
2024-07-12 17:34:22.913582,0.2396759697002716
2024-07-12 17:34:23.915524,0.7288096630917532
2024-07-12 17:34:24.916976,0.3468791279295034
2024-07-12 17:34:25.918517,0.09985617441004946
2024-07-12 17:34:26.921251,0.5609774567339032
2024-07-12 17:34:27.927434,0.290214027426127
2024-07-12 17:34:28.930566,0.36057481607474595
2024-07-12 17:34:29.932791,0.01113160629486476
2024-07-12 17:34:30.934394,0.18100038670112195
2024-07-12 17:34:31.936317,0.41032774920721404
2024-07-12 17:34:32.938307,0.5460939277595465
2024-07-12 17:34:33.940309,0.5910241257824858
2024-07-12 17:34:34.942676,0.7953001908537134
2024-07-12 17:34:35.944733,0.809724713729036
2024-07-12 17:34:36.946472,0.7950850653767477
2024-07-12 17:34:37.949253,0.5661990196721703
2024-07-12 17:34:38.951332,0.9434893288861582
2024-07-12 17:34:39.953251,0.6344869805649503
2024-07-12 17:34:40.954675,0.15463456936124265
2024-07-12 17:34:41.956379,0.6173696284377166
2024-07-12 17:34:42.958287,0.12186078518288535
2024-07-12 17:34:43.959895,0.730444688989529
2024-07-12 17:34:44.961674,0.15630843601457378
2024-07-12 17:34:45.963672,0.44144196171030015
2024-07-12 17:34:46.965636,0.748523899427911
2024-07-12 17:34:47.967499,0.8968076334982673
2024-07-12 17:34:48.969081,0.8021722722915623
2024-07-12 17:34:49.970958,0.8748535776169268
2024-07-12 17:34:50.973152,0.09449036308886805
2024-07-12 17:34:51.975306,0.8785687889296743
2024-07-12 17:34:52.977436,0.9236788157351836
2024-07-12 17:34:53.981089,0.03633477790282358
2024-07-12 17:34:54.982774,0.9045344328683323
2024-07-12 17:34:55.984736,0.6256851005888329
2024-07-12 17:34:56.986717,0.967697632272974
2024-07-12 17:34:57.988797,0.6725006880845155
2024-07-12 17:34:58.990713,0.8820841847405527
2024-07-12 17:34:59.992442,0.2686258947594773
2024-07-12 17:35:00.994246,0.07338572774133545
2024-07-12 17:35:01.996095,0.5927328557646391
2024-07-12 17:35:02.997722,0.793472767564262
2024-07-12 17:35:03.999317,0.921088190107999
2024-07-12 17:35:05.001154,0.05868740603887446
2024-07-12 17:35:06.002945,0.847317667859412
2024-07-12 17:35:07.005133,0.7241357106594046
2024-07-12 17:35:08.008232,0.7581931171069001
2024-07-12 17:35:09.010202,0.10000746508469771
2024-07-12 17:35:10.011770,0.8881498123522727
2024-07-12 17:35:11.015315,0.17057653661305283
2024-07-12 17:35:12.017915,0.37010626248516765
2024-07-12 17:35:13.020564,0.5462180539182284
2024-07-12 17:35:14.023629,0.33633385982507935
2024-07-12 17:35:15.026221,0.4892974556139442
2024-07-12 17:35:16.028519,0.940113962029971
2024-07-12 17:35:17.030862,0.5247514243449384
2024-07-12 17:35:18.032929,0.5817222562920604
2024-07-12 17:35:19.034769,0.11308963918942572
2024-07-12 17:35:20.036715,0.8415680859300926
2024-07-12 17:35:21.038611,0.19739218716491802
2024-07-12 17:35:22.040337,0.1053222882266397
2024-07-12 17:35:23.042137,0.805873753052037
2024-07-12 17:35:24.044022,0.9445223514331931
2024-07-12 17:35:25.046034,0.8305654025761932
2024-07-12 17:35:26.047746,0.2782256959853341
2024-07-12 17:35:27.049760,0.16546602269426824
2024-07-12 17:35:28.051468,0.5589093551115655
2024-07-12 17:35:29.053376,0.7085043293479865
2024-07-12 17:35:30.055237,0.6545138893296024
2024-07-12 17:35:31.057611,0.8054681606823436
2024-07-12 17:35:32.059093,0.18434209079992325
2024-07-12 17:35:33.060959,0.9635894406173826
2024-07-12 17:35:34.063934,0.09304653582169242
2024-07-12 17:35:35.065469,0.2421387882262227
2024-07-12 17:35:36.067245,0.9913622769249626
2024-07-12 17:35:37.068911,0.797237498813428
2024-07-12 17:35:38.070783,0.3246704037108543
2024-07-12 17:35:39.072899,0.7957430509324677
2024-07-12 17:35:40.074658,0.29010256755366914
2024-07-12 17:35:41.076492,0.8531196004604609
2024-07-12 17:35:42.079205,0.33293462770376003
2024-07-12 17:35:43.080715,0.8001129564407282
2024-07-12 17:35:44.082545,0.1688926995810749
2024-07-12 17:35:45.084314,0.3402103002897675
2024-07-12 17:35:46.085882,0.7889652864210012
2024-07-12 17:35:47.087606,0.9032763411281739
2024-07-12 17:35:48.090166,0.7259369843666245
2024-07-12 17:35:49.091942,0.9249612759862448
2024-07-12 17:35:50.093950,0.45660615580200814
2024-07-12 17:35:51.096700,0.9796400876916211
2024-07-12 17:35:52.098517,0.554589244217226
2024-07-12 17:35:53.100197,0.6687878475289143
2024-07-12 17:35:54.102826,0.24434778051591932
2024-07-12 17:35:55.104876,0.8387403364545366
2024-07-12 17:35:56.107195,0.4850164708565343
2024-07-12 17:35:57.109303,0.05534322531694136
2024-07-12 17:35:58.111391,0.23541166740756914
2024-07-12 17:35:59.113323,0.4386851575377735
2024-07-12 17:36:00.115437,0.6956249290997233
2024-07-12 17:36:01.117810,0.490937309014814
2024-07-12 17:36:02.119921,0.5162229315999429
2024-07-12 17:36:03.121526,0.34849063346336107
2024-07-12 17:36:04.124422,0.9473559186094832
2024-07-12 17:36:05.126365,0.8932487279721495
2024-07-12 17:36:06.128090,0.3476110400485466
2024-07-12 17:36:07.129761,0.40236745979379474
2024-07-12 17:36:08.131777,0.5302682336426177
2024-07-12 17:36:09.133879,0.7444591772797848
2024-07-12 17:36:10.136254,0.7687813833187983
2024-07-12 17:36:11.137825,0.4659697507723073
2024-07-12 17:36:12.140304,0.29732911491617886
2024-07-12 17:36:13.142975,0.4998611971567797
2024-07-12 17:36:14.146848,0.9462609223353381
2024-07-12 17:36:15.148685,0.1056327573905651
2024-07-12 17:36:16.150846,0.9800694344493001
2024-07-12 17:36:17.152723,0.6936114776949515
2024-07-12 17:36:18.154516,0.038601633206381325
2024-07-12 17:36:19.156384,0.1687369547234686
2024-07-12 17:36:20.157934,0.9385654661622965
2024-07-12 17:36:21.159800,0.6746631292095415
2024-07-12 17:36:22.161625,0.9088460097194698
2024-07-12 17:36:23.163271,0.8526911052617472
2024-07-12 17:36:24.165208,0.463907005455663
2024-07-12 17:36:25.167258,0.2932202862557388
2024-07-12 17:36:26.169383,0.5983168684850815
2024-07-12 17:36:27.171274,0.9866762346578984
2024-07-12 17:36:28.172883,0.4259225042738235
2024-07-12 17:36:29.174406,0.5655786294388818
2024-07-12 17:36:30.176519,0.7253959169570279
2024-07-12 17:36:31.178341,0.8951544143252951
2024-07-12 17:36:32.180221,0.7430869612989246
2024-07-12 17:36:33.181791,0.03335818695552739
2024-07-12 17:36:34.183480,0.8976726605982989
2024-07-12 17:36:35.184957,0.9042296287039194
2024-07-12 17:36:36.186823,0.0038718563934646566
2024-07-12 17:36:37.189898,0.07329918091796594
2024-07-12 17:36:38.191687,0.4848458770629459
2024-07-12 17:36:39.193180,0.9012157085211644
2024-07-12 17:36:40.195275,0.6733627518354974
2024-07-12 17:36:41.197029,0.41491523887400084
2024-07-12 17:36:42.198897,0.3142714214351199
2024-07-12 17:36:43.200387,0.5484423294211571
2024-07-12 17:36:44.202191,0.6779205900452164
2024-07-12 17:36:45.204067,0.5968562249669536
2024-07-12 17:36:46.205783,0.9580100430504798
2024-07-12 17:36:47.208051,0.034166143145891725
2024-07-12 17:36:48.209721,0.14051457400364564
2024-07-12 17:36:49.211530,0.7114904960698326
2024-07-12 17:36:50.213245,0.8169918066866394
2024-07-12 17:36:51.215036,0.021653337121819605
2024-07-12 17:36:52.216676,0.7575404164228775
2024-07-12 17:36:53.218234,0.929697748690648
2024-07-12 17:36:54.219839,0.7898391833536051
2024-07-12 17:36:55.221718,0.4288850904525161
2024-07-12 17:36:56.223453,0.4285194435446529
2024-07-12 17:36:57.224932,0.1271491582521349
2024-07-12 17:36:58.226651,0.40777520593037897
2024-07-12 17:36:59.228960,0.7590026607561634
2024-07-12 17:37:00.230729,0.5460036176804461
2024-07-12 17:37:01.232772,0.9607057686014469
2024-07-12 17:37:02.234316,0.9016849681642128
2024-07-12 17:37:03.235979,0.09868495257906518
2024-07-12 17:37:04.237532,0.6015702658493148
2024-07-12 17:37:05.238996,0.2734791221927525
2024-07-12 17:37:06.240552,0.633902604416505
2024-07-12 17:37:07.242155,0.6308458294266803
2024-07-12 17:37:08.244257,0.7835526604909444
2024-07-12 17:37:09.246735,0.7892556124470003
2024-07-12 17:37:10.249101,0.9765395607922555
2024-07-12 17:37:11.250949,0.46007906808534127
2024-07-12 17:37:12.252546,0.8099782773553413
2024-07-12 17:37:13.256072,0.4598715032434967
2024-07-12 17:37:14.258236,0.35457888376367963
2024-07-12 17:37:15.259902,0.6550293103688921
2024-07-12 17:37:16.261962,0.6566139704473496
2024-07-12 17:37:17.263735,0.0281474378669041
2024-07-12 17:37:18.265811,0.7185046196075022
2024-07-12 17:37:19.267877,0.06449977889158265
2024-07-12 17:37:20.269378,0.37611004471261655
2024-07-12 17:37:21.271754,0.18949635399673326
2024-07-12 17:37:22.273816,0.31443431179214487
2024-07-12 17:37:23.275962,0.6407348563245737
2024-07-12 17:37:24.277785,0.6404918864996355
2024-07-12 17:37:25.279524,0.16240877995132097
2024-07-12 17:37:26.281144,0.4412607017677693
2024-07-12 17:37:27.283059,0.5923682500196474
2024-07-12 17:37:28.285100,0.6529156520302833
2024-07-12 17:37:29.286882,0.14491373105972805
2024-07-12 17:37:30.288399,0.5198318008841938
2024-07-12 17:37:31.290336,0.32631413256430475
2024-07-12 17:37:32.292517,0.10475167219140102
2024-07-12 17:37:33.294449,0.5376474776546251
2024-07-12 17:37:34.295910,0.9589030281959803
2024-07-12 17:37:35.297945,0.14587613437468017
2024-07-12 17:37:36.299779,0.3536074064449739
2024-07-12 17:37:37.301507,0.8846272064813251
2024-07-12 17:37:38.303544,0.6835079705931917
2024-07-12 17:37:39.305111,0.939484288897469
2024-07-12 17:37:40.306772,0.553549652616001
2024-07-12 17:37:41.308892,0.4769150005542653
2024-07-12 17:37:42.310837,0.2060312916149436
2024-07-12 17:37:43.312810,0.22725484081717795
2024-07-12 17:37:44.314300,0.9257296931884312
2024-07-12 17:37:45.316515,0.29073685144461636
2024-07-12 17:37:46.318579,0.29551423487722395
2024-07-12 17:37:47.319965,0.525248167917579
2024-07-12 17:37:48.321855,0.21405152335955802
2024-07-12 17:37:49.323408,0.8186616773893268
2024-07-12 17:37:50.325628,0.19004384248361328
2024-07-12 17:37:51.327421,0.9344817083553892
2024-07-12 17:37:52.328944,0.9862584322196345
2024-07-12 17:37:53.330519,0.6733346733278991
2024-07-12 17:37:54.332716,0.7445621480097206
2024-07-12 17:37:55.334103,0.8956039955908668
2024-07-12 17:37:56.336283,0.7354028690030975
2024-07-12 17:37:57.338002,0.40404795711304886
2024-07-12 17:37:58.339584,0.36911987170021743
2024-07-12 17:37:59.342144,0.5358028267417723
2024-07-12 17:38:00.343742,0.5344383734526092
2024-07-12 17:38:01.345507,0.06324833736688429
2024-07-12 17:38:02.347800,0.19047144904672808
2024-07-12 17:38:03.349492,0.5387829070847858
2024-07-12 17:38:04.351339,0.894273340556541
2024-07-12 17:38:05.352938,0.521885298314914
2024-07-12 17:38:06.354642,0.5708838095951843
2024-07-12 17:38:07.356427,0.5028974794008845
2024-07-12 17:38:08.358146,0.2573216975620143
2024-07-12 17:38:09.359636,0.27677176375751156
2024-07-12 17:38:10.361691,0.21202811043515657
2024-07-12 17:38:11.363364,0.5863480837051827
2024-07-12 17:38:12.365012,0.4611597550922132
2024-07-12 17:38:13.367400,0.24458214755159535
2024-07-12 17:38:14.368993,0.3928900798519471
2024-07-12 17:38:15.370921,0.04753891404041721
2024-07-12 17:38:16.373189,0.1820988759030322
2024-07-12 17:38:17.375096,0.8873041571896652
2024-07-12 17:38:18.376644,0.3045353480971381
2024-07-12 17:38:19.378145,0.7808780678040311
2024-07-12 17:38:20.380182,0.6066110668420811
2024-07-12 17:38:21.382205,0.3371780281308395
2024-07-12 17:38:22.384012,0.10391969337391105
2024-07-12 17:38:23.385900,0.7036851315116642
2024-07-12 17:38:24.388433,0.8426756898161026
2024-07-12 17:38:25.390041,0.5534640266325269
2024-07-12 17:38:26.391904,0.40015646882939415
2024-07-12 17:38:27.393611,0.28761944137347406
2024-07-12 17:38:28.395142,0.5344406335089283
2024-07-12 17:38:29.397158,0.1991877573546622
2024-07-12 17:38:30.399166,0.8538267225867779
2024-07-12 17:38:31.400807,0.9031630365169095
2024-07-12 17:38:32.403427,0.9337866915743448
2024-07-12 17:38:33.405391,0.9909154311260108
2024-07-12 17:38:34.407712,0.3959234052444345
2024-07-12 17:38:35.409245,0.09278656929860774
2024-07-12 17:38:36.411976,0.9389376104480973
2024-07-12 17:38:37.413857,0.8007468874419904
2024-07-12 17:38:38.416939,0.7387055805764873
2024-07-12 17:38:39.419714,0.3054516430522256
2024-07-12 17:38:40.421127,0.32254109548248155
2024-07-12 17:38:41.423008,0.5414545845960254
2024-07-12 17:38:42.424621,0.7072007003414504
2024-07-12 17:38:43.426345,0.5242582252412735
2024-07-12 17:38:44.428187,0.9805104759926927
2024-07-12 17:38:45.431510,0.9797443361778244
2024-07-12 17:38:46.433707,0.3234898406164247
2024-07-12 17:38:47.435715,0.07624125291576767
2024-07-12 17:38:48.437596,0.4073770907776547
2024-07-12 17:38:49.439388,0.3536470830007874
2024-07-12 17:38:50.441547,0.8944236157116202
2024-07-12 17:38:51.443228,0.4833236017837008
2024-07-12 17:38:52.444701,0.8186480284699159
2024-07-12 17:38:53.446535,0.33027039120924695
2024-07-12 17:38:54.448548,0.8333852269148151
2024-07-12 17:38:55.450374,0.7629807361136953
2024-07-12 17:38:56.452566,0.29504201324056034
2024-07-12 17:38:57.454533,0.09695892472198209
2024-07-12 17:38:58.456640,0.9168171690694815
2024-07-12 17:38:59.458785,0.4100334053784581
2024-07-12 17:39:00.460814,0.6956188310629318
2024-07-12 17:39:01.462908,0.3013984429820311
2024-07-12 17:39:02.464584,0.7787167905717881
2024-07-12 17:39:03.467671,0.6036916701118702
2024-07-12 17:39:04.469644,0.3979452542429237
2024-07-12 17:39:05.471368,0.41342805731280985
2024-07-12 17:39:06.472947,0.3665193075318298
2024-07-12 17:39:07.474408,0.677409993552887
2024-07-12 17:39:08.476888,0.8113250952550489
2024-07-12 17:39:09.478651,0.8978641959248912
2024-07-12 17:39:10.480493,0.9467414890645157
2024-07-12 17:39:11.482455,0.5092202295897791
2024-07-12 17:39:12.484291,0.7634759474997662
2024-07-12 17:39:13.486167,0.04174788026578302
2024-07-12 17:39:14.488038,0.20180434298108485
2024-07-12 17:39:15.489966,0.630428823281868
2024-07-12 17:39:16.500502,0.1374550078911475
2024-07-12 17:39:17.502567,0.11883655049908814
2024-07-12 17:39:18.504735,0.7181731080292053
2024-07-12 17:39:19.507038,0.40901369058196724
2024-07-12 17:39:20.508789,0.4714723621535173
2024-07-12 17:39:21.510661,0.6862312141897091
2024-07-12 17:39:22.512531,0.056992437536617535
2024-07-12 17:39:23.514559,0.6504192530514099
2024-07-12 17:39:24.516834,0.7374981558878436
2024-07-12 17:39:25.518729,0.33176447914354146
2024-07-12 17:39:26.520653,0.04943932568336529
2024-07-12 17:39:27.522473,0.9257447215126644
2024-07-12 17:39:28.524028,0.8673305073172313
2024-07-12 17:39:29.525984,0.41515826002625367
2024-07-12 17:39:30.527813,0.07187630349324381
2024-07-12 17:39:31.529735,0.6146055936718762
2024-07-12 17:39:32.531351,0.7327348509315295
2024-07-12 17:39:33.532933,0.42770758585285895
2024-07-12 17:39:34.535304,0.24793780079326722
2024-07-12 17:39:35.537021,0.6581864748183928
2024-07-12 17:39:36.538938,0.7745164445546003
2024-07-12 17:39:37.540779,0.6989671341146538
2024-07-12 17:39:38.542575,0.7986056130949271
2024-07-12 17:39:39.544867,0.8723184868555224
2024-07-12 17:39:40.546892,0.0352453635217832
2024-07-12 17:39:41.548780,0.3312404092705894
2024-07-12 17:39:42.550481,0.7387744248519931
2024-07-12 17:39:43.552154,0.3127471772941973
2024-07-12 17:39:44.554123,0.21155083541564945
2024-07-12 17:39:45.555948,0.6800855709205873
2024-07-12 17:39:46.557764,0.8408836021283516
2024-07-12 17:39:47.559665,0.7582193442164861
2024-07-12 17:39:48.561479,0.8679336170069369
2024-07-12 17:39:49.563286,0.6094373159115515
2024-07-12 17:39:50.565050,0.5636688458795275
2024-07-12 17:39:51.567584,0.512595099130043
2024-07-12 17:39:52.569276,0.477633525573702
2024-07-12 17:39:53.571278,0.9455278336085032
2024-07-12 17:39:54.574595,0.1934279752234226
2024-07-12 17:39:55.576842,0.23564866517991667
2024-07-12 17:39:56.578426,0.12134393138722166
2024-07-12 17:39:57.580457,0.43962538535929285
2024-07-12 17:39:58.582210,0.3503960660364297
2024-07-12 17:39:59.584400,0.023203800481015113
2024-07-12 17:40:00.586545,0.3420826182434099
2024-07-12 17:40:01.588275,0.57410760764627
2024-07-12 17:40:02.589893,0.9508418633828678
2024-07-12 17:40:03.591624,0.5552295834499417
2024-07-12 17:40:04.593667,0.02241800142459871
2024-07-12 17:40:05.595812,0.10101279664035434
2024-07-12 17:40:06.597867,0.01062743225113838
2024-07-12 17:40:07.599520,0.7343263654235214
2024-07-12 17:40:08.601541,0.5983890293460399
2024-07-12 17:40:09.603199,0.39308927187330645
2024-07-12 17:40:10.604836,0.23140712785238815
2024-07-12 17:40:11.607334,0.1832175494743029
2024-07-12 17:40:12.609402,0.9380389681528117
2024-07-12 17:40:13.611398,0.6675748420217886
2024-07-12 17:40:14.613725,0.5051006795103077
2024-07-12 17:40:15.615720,0.9735022616579387
2024-07-12 17:40:16.617516,0.7133753603489468
2024-07-12 17:40:17.619305,0.5303504860369288
2024-07-12 17:40:18.621453,0.5292986779365915
2024-07-12 17:40:19.622887,0.17114382654998195
2024-07-12 17:40:20.624635,0.2543946926092109
2024-07-12 17:40:21.626188,0.12441904624488265
2024-07-12 17:40:22.628055,0.4099476221346161
2024-07-12 17:40:23.629620,0.6126523578141961
2024-07-12 17:40:24.631772,0.9450083173393482
2024-07-12 17:40:25.633569,0.3533339488615671
2024-07-12 17:40:26.635003,0.6298405294639754
2024-07-12 17:40:27.637435,0.5515232188069144
2024-07-12 17:40:28.639833,0.7147812005102906
2024-07-12 17:40:29.641666,0.11463710455074982
2024-07-12 17:40:30.643367,0.465036844988416
2024-07-12 17:40:31.645502,0.2636408304895632
2024-07-12 17:40:32.647445,0.7407360168074845
2024-07-12 17:40:33.649234,0.7254245363625471
2024-07-12 17:40:34.651252,0.3276484568259018
2024-07-12 17:40:35.653030,0.11066627199826784
2024-07-12 17:40:36.654566,0.8229944853689085
2024-07-12 17:40:37.656191,0.34460804324758054
2024-07-12 17:40:38.658247,0.6624067468275179
2024-07-12 17:40:39.659752,0.030857930336299466
2024-07-12 17:40:40.661823,0.3611557259587933
2024-07-12 17:40:41.664329,0.040712169539945275
2024-07-12 17:40:42.666060,0.05858045922368893
2024-07-12 17:40:43.669683,0.5524413245521206
2024-07-12 17:40:44.671380,0.08670230904607523
2024-07-12 17:40:45.672708,0.156112826148184
2024-07-12 17:40:46.674806,0.5096546802217911
2024-07-12 17:40:47.676475,0.5892089557340503
2024-07-12 17:40:48.678081,0.8819311124540811
2024-07-12 17:40:49.679845,0.31576464558286843
2024-07-12 17:40:50.681885,0.2252711681902676
2024-07-12 17:40:51.683922,0.47990677183988295
2024-07-12 17:40:52.686195,0.9905092991032871
2024-07-12 17:40:53.688220,0.9375765902157349
2024-07-12 17:40:54.689969,0.8279327312546189
2024-07-12 17:40:55.691804,0.46733044567552917
2024-07-12 17:40:56.693606,0.5557605492376404
2024-07-12 17:40:57.695490,0.34197287824881806
2024-07-12 17:40:58.697429,0.26430749790272245
2024-07-12 17:40:59.699199,0.3917956903630916
2024-07-12 17:41:00.701122,0.15836778343028235
2024-07-12 17:41:01.702696,0.09380123047712818
2024-07-12 17:41:02.705076,0.028992090729627162
2024-07-12 17:41:03.706743,0.4080703050903326
2024-07-12 17:41:04.708503,0.007291288647281902
2024-07-12 17:41:05.710302,0.9624178691123944
2024-07-12 17:41:06.711962,0.2655953826776801
2024-07-12 17:41:07.713693,0.41162327560459255
2024-07-12 17:41:08.715634,0.16682903900782287
2024-07-12 17:41:09.717748,0.24562134869938568
2024-07-12 17:41:10.719433,0.9953644273214689
2024-07-12 17:41:11.721119,0.310377220624966
2024-07-12 17:41:12.723141,0.22560646138980966
2024-07-12 17:41:13.724817,0.5889716719428822
2024-07-12 17:41:14.726522,0.7798891297035871
2024-07-12 17:41:15.728391,0.47432250035252455
2024-07-12 17:41:16.729915,0.1653865799849702
2024-07-12 17:41:17.731369,0.7638066134916985
2024-07-12 17:41:18.732965,0.6775407951293276
2024-07-12 17:41:19.735208,0.48779338863861943
2024-07-12 17:41:20.737205,0.07108195765494019
2024-07-12 17:41:21.739313,0.07112697698527148
2024-07-12 17:41:22.741244,0.8935338987701236
2024-07-12 17:41:23.743291,0.04238018492403839
2024-07-12 17:41:24.745333,0.34856488936080554
2024-07-12 17:41:25.747188,0.30679124896605126
2024-07-12 17:41:26.748871,0.2622126992726893
2024-07-12 17:41:27.751472,0.8986442885565061
2024-07-12 17:41:28.752861,0.2852995225742011
2024-07-12 17:41:29.754552,0.1524125434266097
2024-07-12 17:41:30.756711,0.135723064575061
2024-07-12 17:41:31.758910,0.31913086254803325
2024-07-12 17:41:32.760399,0.5358919721162447
2024-07-12 17:41:33.762681,0.5012500996138564
2024-07-12 17:41:34.764546,0.11657146777841265
2024-07-12 17:41:35.766177,0.6958893567089378
2024-07-12 17:41:36.767909,0.6591593552503608
2024-07-12 17:41:37.769671,0.37754234867179437
2024-07-12 17:41:38.771702,0.09561718362218052
2024-07-12 17:41:39.773675,0.05378324626934006
2024-07-12 17:41:40.775480,0.9209182999540667
2024-07-12 17:41:41.777814,0.9656219389780194
2024-07-12 17:41:42.779604,0.5781788566049555
2024-07-12 17:41:43.781587,0.34154815486832624
2024-07-12 17:41:44.783092,0.34035211997397996
2024-07-12 17:41:45.785681,0.08518187786426235
2024-07-12 17:41:46.787829,0.7190248846490137
2024-07-12 17:41:47.789916,0.2006379585932928
2024-07-12 17:41:48.791729,0.1679440380817856
2024-07-12 17:41:49.793618,0.9866125625753042
2024-07-12 17:41:50.795514,0.8525101547285058
2024-07-12 17:41:51.797532,0.7068561466407941
2024-07-12 17:41:52.799709,0.28541736436608167
2024-07-12 17:41:53.801669,0.6492207541766598
2024-07-12 17:41:54.803589,0.6148885473507815
2024-07-12 17:41:55.805452,0.5062804498072354
2024-07-12 17:41:56.807124,0.2097737800176056
2024-07-12 17:41:57.809045,0.24396827307120816
2024-07-12 17:41:58.811448,0.4321715850297455
2024-07-12 17:41:59.812983,0.7479787310979215
2024-07-12 17:42:00.815062,0.643461714328636
2024-07-12 17:42:01.816798,0.736129387578687
2024-07-12 17:42:02.819239,0.2764021519261124
2024-07-12 17:42:03.821236,0.060092902866479836
2024-07-12 17:42:04.823060,0.6236282524770317
2024-07-12 17:42:05.825259,0.011462014388046393
2024-07-12 17:42:06.827253,0.6764676569473927
2024-07-12 17:42:07.829294,0.30266947536701105
2024-07-12 17:42:08.831251,0.37124471811465376
2024-07-12 17:42:09.833337,0.593903845939183
2024-07-12 17:42:10.835601,0.5270346178762417
2024-07-12 17:42:11.837865,0.9615960619717848
2024-07-12 17:42:12.840203,0.3629245641954125
2024-07-12 17:42:13.841811,0.944977453846912
2024-07-12 17:42:14.843611,0.596405794416287
2024-07-12 17:42:15.845595,0.9482294865653016
2024-07-12 17:42:16.847398,0.7100754059077954
2024-07-12 17:42:17.848971,0.3161909884031968
2024-07-12 17:42:18.850735,0.9711243326449335
2024-07-12 17:42:19.853010,0.5082251162701493
2024-07-12 17:42:20.854719,0.12248767722807175
2024-07-12 17:42:21.857060,0.5482932506643592
2024-07-12 17:42:22.859088,0.7703426746559182
2024-07-12 17:42:23.862161,0.9480642986098512
2024-07-12 17:42:24.863809,0.2166969583798678
2024-07-12 17:42:25.866003,0.45415968233007364
2024-07-12 17:42:26.868276,0.014503591558323703
2024-07-12 17:42:27.869712,0.9682456855687398
2024-07-12 17:42:28.871748,0.8583485642810783
2024-07-12 17:42:29.873608,0.8675101038923987
2024-07-12 17:42:30.875353,0.5201493502407349
2024-07-12 17:42:31.877483,0.2958543536882926
2024-07-12 17:42:32.879424,0.6011498635636374
2024-07-12 17:42:33.882,0.8072394840327093
2024-07-12 17:42:34.883947,0.5920007966705586
2024-07-12 17:42:35.886938,0.5126834706932906
2024-07-12 17:42:36.889451,0.45364853894085166
2024-07-12 17:42:37.891205,0.695552413244734
2024-07-12 17:42:38.893921,0.5014907700925505
2024-07-12 17:42:39.896051,0.2730500017407552
2024-07-12 17:42:40.898132,0.5225040220648833
2024-07-12 17:42:41.900001,0.14085482239551006
2024-07-12 17:42:42.901602,0.7232836026758594
2024-07-12 17:42:43.903680,0.8848370992272553
2024-07-12 17:42:44.905707,0.20386925577484438
2024-07-12 17:42:45.907822,0.12894867639469698
2024-07-12 17:42:46.909751,0.3497461750420279
2024-07-12 17:42:47.911608,0.5111037834859805
2024-07-12 17:42:48.913420,0.49041021137805507
2024-07-12 17:42:49.915355,0.25866830932270723
2024-07-12 17:42:50.917234,0.6431853173748584
2024-07-12 17:42:51.919538,0.3281216101807559
2024-07-12 17:42:52.921965,0.41135550807067855
2024-07-12 17:42:53.923688,0.8623685958482267
2024-07-12 17:42:54.926310,0.5062503122901049
2024-07-12 17:42:55.927736,0.4990264015192154
2024-07-12 17:42:56.929356,0.5796264569772116
2024-07-12 17:42:57.931234,0.8427321607195627
2024-07-12 17:42:58.932769,0.6642096483547416
2024-07-12 17:42:59.934440,0.005775228764111295
2024-07-12 17:43:00.936429,0.24946669243030561
2024-07-12 17:43:01.938051,0.7898138271476893
2024-07-12 17:43:02.939781,0.5025159559238427
2024-07-12 17:43:03.941384,0.05022100570331123
2024-07-12 17:43:04.943583,0.280549209584837
2024-07-12 17:43:05.945662,0.9536683715962709
2024-07-12 17:43:06.947373,0.6226279068594125
2024-07-12 17:43:07.949245,0.4027334147006161
2024-07-12 17:43:08.952259,0.3868978278739199
2024-07-12 17:43:09.953909,0.5222001231619119
2024-07-12 17:43:10.955700,0.9151923644673728
2024-07-12 17:43:11.957856,0.4970955295922207
2024-07-12 17:43:12.959868,0.03142515438671689
2024-07-12 17:43:13.961952,0.9158336146804081
2024-07-12 17:43:14.964096,0.6374383599883142
2024-07-12 17:43:15.966199,0.2501413769118237
2024-07-12 17:43:16.968166,0.21036568321993865
2024-07-12 17:43:17.969926,0.6220632905660799
2024-07-12 17:43:18.971924,0.37353911372513304
2024-07-12 17:43:19.974186,0.8470799409851514
2024-07-12 17:43:20.976074,0.8000162592245516
2024-07-12 17:43:21.978252,0.7598981708079279
2024-07-12 17:43:22.981180,0.2586268670361842
2024-07-12 17:43:23.983340,0.4417505229581983
2024-07-12 17:43:24.985345,0.5279781533539692
2024-07-12 17:43:25.986780,0.300109069388908
2024-07-12 17:43:26.988380,0.1717018805214403
2024-07-12 17:43:27.990445,0.27843629944109327
2024-07-12 17:43:28.992653,0.7993723977092994
2024-07-12 17:43:29.994325,0.6675077686046099
2024-07-12 17:43:30.996058,0.8128908717990321
2024-07-12 17:43:31.998022,0.27624971707516255
2024-07-12 17:43:32.999944,0.42246219505484717
2024-07-12 17:43:34.001725,0.9552853607945008
2024-07-12 17:43:35.003554,0.6068852477361897
2024-07-12 17:43:36.005703,0.07135974759273234
2024-07-12 17:43:37.007438,0.5302569928863303
2024-07-12 17:43:38.009876,0.6418675387533547
2024-07-12 17:43:39.012468,0.8261342509899067
2024-07-12 17:43:40.014755,0.46803396861266455
2024-07-12 17:43:41.016859,0.3085528242201213
2024-07-12 17:43:42.018800,0.7238059366944739
2024-07-12 17:43:43.020981,0.843325587975025
2024-07-12 17:43:44.022784,0.37487459392760847
2024-07-12 17:43:45.024645,0.10347177746935743
2024-07-12 17:43:46.026789,0.5588126629928567
2024-07-12 17:43:47.028677,0.02064216049786649
2024-07-12 17:43:48.030760,0.05505791553152317
2024-07-12 17:43:49.033011,0.013025156973335172
2024-07-12 17:43:50.035290,0.7479436771543111
2024-07-12 17:43:51.037224,0.7543579893696136
2024-07-12 17:43:52.039214,0.6896203504930524
2024-07-12 17:43:53.040782,0.21960187042011314
2024-07-12 17:43:54.042832,0.9729624616039798
2024-07-12 17:43:55.044744,0.6466815769143895
2024-07-12 17:43:56.046508,0.6500723407667518
2024-07-12 17:43:57.048174,0.1276712916815459
2024-07-12 17:43:58.050061,0.6672084938842537
2024-07-12 17:43:59.051880,0.5850219404476484
2024-07-12 17:44:00.053940,0.7935249120536757
2024-07-12 17:44:01.055469,0.8644622292241072
2024-07-12 17:44:02.057453,0.09902666481640421
2024-07-12 17:44:03.059285,0.7484698199098823
2024-07-12 17:44:04.060935,0.4585847084496162
2024-07-12 17:44:05.062820,0.7918573112094168
2024-07-12 17:44:06.064980,0.2918350197579831
2024-07-12 17:44:07.067241,0.583239263213098
2024-07-12 17:44:08.069434,0.11370894704379886
2024-07-12 17:44:09.071216,0.2840004739672164
2024-07-12 17:44:10.072957,0.7906509942300094
2024-07-12 17:44:11.074799,0.7760658577312475
2024-07-12 17:44:12.076500,0.9202877251345726
2024-07-12 17:44:13.078792,0.7682046123219961
2024-07-12 17:44:14.080864,0.9979082420470947
2024-07-12 17:44:15.082739,0.10783657856936157
2024-07-12 17:44:16.084734,0.32210727838231845
2024-07-12 17:44:17.086869,0.8685580659365774
2024-07-12 17:44:18.089417,0.4672269124458308
2024-07-12 17:44:19.090995,0.6678077010333672
2024-07-12 17:44:20.093293,0.8138382445328785
2024-07-12 17:44:21.095239,0.9839272618869447
2024-07-12 17:44:22.097078,0.8298687699461419
2024-07-12 17:44:23.098955,0.6670791542345895
2024-07-12 17:44:24.100849,0.06334193578675706
2024-07-12 17:44:25.102668,0.03977308494806764
2024-07-12 17:44:26.104752,0.12673247341060978
2024-07-12 17:44:27.106647,0.7310796271658471
2024-07-12 17:44:28.108664,0.5203547179766554
2024-07-12 17:44:29.110514,0.7670218599303706
2024-07-12 17:44:30.112412,0.5747519792611872
2024-07-12 17:44:31.113954,0.4926228085557047
2024-07-12 17:44:32.116070,0.21541058574883032
2024-07-12 17:44:33.117858,0.441540577678896
2024-07-12 17:44:34.119218,0.4546083285302128
2024-07-12 17:44:35.121110,0.4560075041020355
2024-07-12 17:44:36.124335,0.1760591106087236
2024-07-12 17:44:37.127182,0.8475721642616557
2024-07-12 17:44:38.128938,0.9840172850662975
2024-07-12 17:44:39.131153,0.9144491047930814
2024-07-12 17:44:40.133251,0.5268004739157616
2024-07-12 17:44:41.135119,0.8177391580793202
2024-07-12 17:44:42.137671,0.45071174679601533
2024-07-12 17:44:43.139666,0.6877126000840802
2024-07-12 17:44:44.141537,0.022842513712531876
2024-07-12 17:44:45.143281,0.4825725575497746
2024-07-12 17:44:46.144912,0.8098160645675483
2024-07-12 17:44:47.146574,0.035215404952463
2024-07-12 17:44:48.148496,0.8238026930713535
2024-07-12 17:44:49.150289,0.5761205980704601
2024-07-12 17:44:50.152095,0.11957223876189316
2024-07-12 17:44:51.155229,0.6383238399816562
2024-07-12 17:44:52.157402,0.15038471540788378
2024-07-12 17:44:53.159214,0.3185668581343506
2024-07-12 17:44:54.161061,0.4194475275226861
2024-07-12 17:44:55.163120,0.7740175542092882
2024-07-12 17:44:56.164880,0.643852071015738
2024-07-12 17:44:57.166869,0.2571823673938253
2024-07-12 17:44:58.168896,0.3803729935430127
2024-07-12 17:44:59.171052,0.36451100342136133
2024-07-12 17:45:00.173067,0.3778047573297105
2024-07-12 17:45:01.174723,0.9436017846477094
2024-07-12 17:45:02.176588,0.9659807101684658
2024-07-12 17:45:03.178837,0.2298447218628613
2024-07-12 17:45:04.181962,0.8462802285469125
2024-07-12 17:45:05.184124,0.11395901968461075
2024-07-12 17:45:06.185937,0.7484534241577057
2024-07-12 17:45:07.187799,0.07599268707983431
2024-07-12 17:45:08.190341,0.45810624849684123
2024-07-12 17:45:09.192151,0.21582079613492722
2024-07-12 17:45:10.193668,0.5356203159237013
2024-07-12 17:45:11.195515,0.8915368650749576
2024-07-12 17:45:12.197195,0.41359439699190026
2024-07-12 17:45:13.199936,0.03439376484982737
2024-07-12 17:45:14.201900,0.4856692363208981
2024-07-12 17:45:15.204093,0.012715286189035169
2024-07-12 17:45:16.205882,0.24119668011894935
2024-07-12 17:45:17.207756,0.8265380304196777
2024-07-12 17:45:18.209430,0.7975628274357929
2024-07-12 17:45:19.212228,0.9684350209924412
2024-07-12 17:45:20.214359,0.5799027483814012
2024-07-12 17:45:21.216054,0.5522260462431452
2024-07-12 17:45:22.217808,0.28766878521931016
2024-07-12 17:45:23.219384,0.9013295619803271
2024-07-12 17:45:24.220866,0.8244527746648805
2024-07-12 17:45:25.222849,0.5410142186003847
2024-07-12 17:45:26.224707,0.4765214096631649
2024-07-12 17:45:27.226721,0.8401468388824822
2024-07-12 17:45:28.228470,0.5089466811823947
2024-07-12 17:45:29.230894,0.8467391720816259
2024-07-12 17:45:30.233109,0.0370603058117146
2024-07-12 17:45:31.235061,0.3166926138347602
2024-07-12 17:45:32.236918,0.629516846035975
2024-07-12 17:45:33.238741,0.6750876507194057
2024-07-12 17:45:34.241019,0.27811972408947383
2024-07-12 17:45:35.243284,0.12203971847208539
2024-07-12 17:45:36.245694,0.12234854013364738
2024-07-12 17:45:37.247688,0.7220894057561844
2024-07-12 17:45:38.249641,0.3867585179912816
2024-07-12 17:45:39.251376,0.6736711569380514
2024-07-12 17:45:40.252953,0.41999460746710104
2024-07-12 17:45:41.254815,0.07072412208127943
2024-07-12 17:45:42.256834,0.4860236123606687
2024-07-12 17:45:43.258813,0.9736953327674733
2024-07-12 17:45:44.260578,0.8343028082644701
2024-07-12 17:45:45.262547,0.7713172525474639
2024-07-12 17:45:46.265048,0.41127798657968806
2024-07-12 17:45:47.266968,0.6604989003158529
2024-07-12 17:45:48.268590,0.6338829919275168
2024-07-12 17:45:49.270442,0.9546858852046836
2024-07-12 17:45:50.271834,0.45969259708239774
2024-07-12 17:45:51.273969,0.1491667417287269
2024-07-12 17:45:52.275570,0.8825938443531525
2024-07-12 17:45:53.277609,0.5120298967403514
2024-07-12 17:45:54.279486,0.4818118053820931
2024-07-12 17:45:55.281882,0.3185766120970708
2024-07-12 17:45:56.283591,0.6053708630422978
2024-07-12 17:45:57.285348,0.09448684864343615
2024-07-12 17:45:58.287244,0.6580665174588389
2024-07-12 17:45:59.289540,0.943310566605612
2024-07-12 17:46:00.291362,0.5550158386425784
2024-07-12 17:46:01.293679,0.2618759707323354
2024-07-12 17:46:02.297116,0.2634331756919751
2024-07-12 17:46:03.299015,0.879643995738773
2024-07-12 17:46:04.300945,0.1722359222901515
2024-07-12 17:46:05.302903,0.7325488329191087
2024-07-12 17:46:06.304952,0.48031483578103207
2024-07-12 17:46:07.306791,0.6337280671878726
2024-07-12 17:46:08.308755,0.3816976567248418
2024-07-12 17:46:09.310301,0.8733350476401118
2024-07-12 17:46:10.311858,0.21172301791905068
2024-07-12 17:46:11.313444,0.7952897873511787
2024-07-12 17:46:12.314939,0.13002262440343548
2024-07-12 17:46:13.316674,0.8033396081659392
2024-07-12 17:46:14.318744,0.3239495735616422
2024-07-12 17:46:15.320447,0.7396180438048927
2024-07-12 17:46:16.322202,0.7324034863828239
2024-07-12 17:46:17.324022,0.4179984913041459
2024-07-12 17:46:18.325742,0.7251622863545769
2024-07-12 17:46:19.328677,0.509868863283871
2024-07-12 17:46:20.330494,0.8257441666845176
2024-07-12 17:46:21.332441,0.04595162393433927
2024-07-12 17:46:22.334540,0.3353700888895096
2024-07-12 17:46:23.336127,0.6250088174925343
2024-07-12 17:46:24.337825,0.06826859788997397
2024-07-12 17:46:25.339679,0.38989271503623035
2024-07-12 17:46:26.341817,0.8390838912764569
2024-07-12 17:46:27.343777,0.2829773759250387
2024-07-12 17:46:28.345345,0.3630149217145229
2024-07-12 17:46:29.346929,0.007323059184984881
2024-07-12 17:46:30.348982,0.6763194922492178
2024-07-12 17:46:31.350578,0.9393630543809759
2024-07-12 17:46:32.352107,0.721352120750106
2024-07-12 17:46:33.353842,0.08042486333136634
2024-07-12 17:46:34.355866,0.8763043368451303
2024-07-12 17:46:35.357881,0.6889895118603099
2024-07-12 17:46:36.359451,0.36963600218960035
2024-07-12 17:46:37.361138,0.6062893000581853
2024-07-12 17:46:38.362644,0.4555385928895892
2024-07-12 17:46:39.364224,0.4146447586640516
2024-07-12 17:46:40.366208,0.38247949096638423
2024-07-12 17:46:41.368127,0.31130059789501696
2024-07-12 17:46:42.370046,0.2814569698072559
2024-07-12 17:46:43.371815,0.10820609208068832
2024-07-12 17:46:44.373433,0.593681942758447
2024-07-12 17:46:45.375173,0.3951691260854413
2024-07-12 17:46:46.376898,0.3839800432032313
2024-07-12 17:46:47.378762,0.68714130475998
2024-07-12 17:46:48.380714,0.698704642898375
2024-07-12 17:46:49.383502,0.15752903113849093
2024-07-12 17:46:50.385574,0.7859953024812243
2024-07-12 17:46:51.387587,0.7532845956644044
2024-07-12 17:46:52.389216,0.20801558981764712
2024-07-12 17:46:53.391,0.2100228856028883
2024-07-12 17:46:54.392867,0.5408056461529879
2024-07-12 17:46:55.394719,0.7977111350528131
2024-07-12 17:46:56.396625,0.261174837832151
2024-07-12 17:46:57.398254,0.7963166764661088
2024-07-12 17:46:58.399920,0.7052901110462141
2024-07-12 17:46:59.401883,0.1397488201649828
2024-07-12 17:47:00.403833,0.558616089154359
2024-07-12 17:47:01.405660,0.8325522455697361
2024-07-12 17:47:02.407858,0.6322792870167385
2024-07-12 17:47:03.409489,0.14636402490606082
2024-07-12 17:47:04.411752,0.8006152851012842
2024-07-12 17:47:05.413199,0.6748913914399826
2024-07-12 17:47:06.415334,0.27484248476999174
2024-07-12 17:47:07.417544,0.4025068838421001
2024-07-12 17:47:08.419505,0.6559005620144681
2024-07-12 17:47:09.421301,0.8131680432927693
2024-07-12 17:47:10.422828,0.4639749022781041
2024-07-12 17:47:11.424442,0.804283122405926
2024-07-12 17:47:12.426497,0.6522254584497453
2024-07-12 17:47:13.428740,0.3769020000847949
2024-07-12 17:47:14.431110,0.63050493451395
2024-07-12 17:47:15.433607,0.6853202085938658
2024-07-12 17:47:16.435004,0.18608875502806232
2024-07-12 17:47:17.436629,0.25011154848332096
2024-07-12 17:47:18.438272,0.9141876334016016
2024-07-12 17:47:19.439869,0.41354772849259946
2024-07-12 17:47:20.442131,0.7326979730477492
2024-07-12 17:47:21.444424,0.1662308450615695
2024-07-12 17:47:22.446269,0.43041255659261324
2024-07-12 17:47:23.448117,0.9546684741705118
2024-07-12 17:47:24.450514,0.44725700058604223
2024-07-12 17:47:25.453001,0.6396726300345245
2024-07-12 17:47:26.454559,0.929682148372495
2024-07-12 17:47:27.456062,0.6641492864995047
2024-07-12 17:47:28.457415,0.5694287680948636
2024-07-12 17:47:29.460009,0.4980781239904559
2024-07-12 17:47:30.461715,0.9255024056420608
2024-07-12 17:47:31.463303,0.8168625545391974
2024-07-12 17:47:32.465158,0.5574137633501949
2024-07-12 17:47:33.467531,0.1526314673405933
2024-07-12 17:47:34.469732,0.5615335940923772
2024-07-12 17:47:35.472391,0.16081493924077073
2024-07-12 17:47:36.474448,0.730981058277878
2024-07-12 17:47:37.476233,0.8998442324320012
2024-07-12 17:47:38.477933,0.0037466950032033486
2024-07-12 17:47:39.479600,0.45061964145123046
2024-07-12 17:47:40.481815,0.3575310499826937
2024-07-12 17:47:41.483614,0.3150651581861378
2024-07-12 17:47:42.485757,0.17640901795293062
2024-07-12 17:47:43.487666,0.10927264754766608
2024-07-12 17:47:44.489268,0.6836937424360376
2024-07-12 17:47:45.491914,0.5761961445922288
2024-07-12 17:47:46.493922,0.49543306753810923
2024-07-12 17:47:47.496513,0.9880593460762647
2024-07-12 17:47:48.498079,0.33500721810277856
2024-07-12 17:47:49.499546,0.36984517379403314
2024-07-12 17:47:50.501181,0.6399521702070003
2024-07-12 17:47:51.503046,0.4054075187465138
2024-07-12 17:47:52.504783,0.30287651194725695
2024-07-12 17:47:53.507222,0.39056654458474804
2024-07-12 17:47:54.509075,0.5776493994516885
2024-07-12 17:47:55.511383,0.8853515648360594
2024-07-12 17:47:56.513629,0.33997446955307375
2024-07-12 17:47:57.515432,0.10163703676816327
2024-07-12 17:47:58.517389,0.24376751780042671
2024-07-12 17:47:59.519786,0.7005530601578451
2024-07-12 17:48:00.521681,0.6747973390741538
2024-07-12 17:48:01.523202,0.20308124709206288
2024-07-12 17:48:02.524608,0.6424005763436423
2024-07-12 17:48:03.526445,0.32137411173631725
2024-07-12 17:48:04.529052,0.6476566388810758
2024-07-12 17:48:05.531442,0.2668374625636114
2024-07-12 17:48:06.533238,0.18375161896851422
2024-07-12 17:48:07.535454,0.8100264407185392
2024-07-12 17:48:08.537095,0.31050055750244465
2024-07-12 17:48:09.538909,0.36966842134286637
2024-07-12 17:48:10.541076,0.3053311371678348
2024-07-12 17:48:11.542609,0.9451200640982054
2024-07-12 17:48:12.544247,0.6925347865244253
2024-07-12 17:48:13.545685,0.3178252577435965
2024-07-12 17:48:14.547679,0.10183788609114774
2024-07-12 17:48:15.549155,0.21018235477127079
2024-07-12 17:48:16.550946,0.9615151901005203
2024-07-12 17:48:17.552903,0.7412194176591173
2024-07-12 17:48:18.554674,0.7148133939135564
2024-07-12 17:48:19.556273,0.9563563276623056
2024-07-12 17:48:20.559194,0.41816078412942703
2024-07-12 17:48:21.562504,0.2059030712947041
2024-07-12 17:48:22.564485,0.8619182279338264
2024-07-12 17:48:23.566392,0.21490416615488694
2024-07-12 17:48:24.568743,0.5651628450454268
2024-07-12 17:48:25.570905,0.6990552791029029
2024-07-12 17:48:26.572655,0.27477317116793754
2024-07-12 17:48:27.574478,0.9917084160006947
2024-07-12 17:48:28.576540,0.5492228046940311
2024-07-12 17:48:29.578186,0.6869921825029845
2024-07-12 17:48:30.580047,0.6891705268236145
2024-07-12 17:48:31.582040,0.3590416083020823
2024-07-12 17:48:32.583875,0.13947791853796054
2024-07-12 17:48:33.585772,0.8126469037987276
2024-07-12 17:48:34.588185,0.5168346655302911
2024-07-12 17:48:35.589518,0.3612013253888874
2024-07-12 17:48:36.591618,0.6921314495704641
2024-07-12 17:48:37.593093,0.1574279904185436
2024-07-12 17:48:38.594488,0.12720937665119225
2024-07-12 17:48:39.596072,0.29883176040386894
2024-07-12 17:48:40.597974,0.8134594911685381
2024-07-12 17:48:41.599598,0.11509523540502187
2024-07-12 17:48:42.601498,0.33503289149742954
2024-07-12 17:48:43.603567,0.5165454807226987
2024-07-12 17:48:44.605590,0.6308593218236195
2024-07-12 17:48:45.607480,0.9542980363433768
2024-07-12 17:48:46.609811,0.8335677661028169
2024-07-12 17:48:47.611991,0.2609205938037844
2024-07-12 17:48:48.614131,0.3715244486852466
2024-07-12 17:48:49.616283,0.5969260559713133
2024-07-12 17:48:50.618048,0.5996339787016471
2024-07-12 17:48:51.620046,0.20975834496153756
2024-07-12 17:48:52.621998,0.5943774756616566
2024-07-12 17:48:53.624194,0.29544689869490026
2024-07-12 17:48:54.626081,0.5853877522773661
2024-07-12 17:48:55.627910,0.6994854234570137
2024-07-12 17:48:56.629641,0.1912989343978011
2024-07-12 17:48:57.631638,0.773782551652349
2024-07-12 17:48:58.633771,0.008440999400609606
2024-07-12 17:48:59.635423,0.2412707212077505
2024-07-12 17:49:00.637812,0.4595344239071666
2024-07-12 17:49:01.639594,0.12331766280168266
2024-07-12 17:49:02.641250,0.26595946337229226
2024-07-12 17:49:03.643912,0.18011103342118862
2024-07-12 17:49:04.646172,0.0043419508535512685
2024-07-12 17:49:05.648103,0.038799345090104964
2024-07-12 17:49:06.650091,0.3637835773781015
2024-07-12 17:49:07.652232,0.5547674924734742
2024-07-12 17:49:08.653989,0.43026621523671227
2024-07-12 17:49:09.656233,0.31649026179966666
2024-07-12 17:49:10.658078,0.5872008405165652
2024-07-12 17:49:11.660155,0.7347140990248326
2024-07-12 17:49:12.661891,0.029704355579358355
2024-07-12 17:49:13.663689,0.7116220913705561
2024-07-12 17:49:14.665390,0.08168066260222973
2024-07-12 17:49:15.667251,0.24037053297329236
2024-07-12 17:49:16.670735,0.8905047540108846
2024-07-12 17:49:17.672717,0.7086276535812661
2024-07-12 17:49:18.675141,0.6765112563569925
2024-07-12 17:49:19.677604,0.04488078704371545
2024-07-12 17:49:20.679536,0.29189304411726213
2024-07-12 17:49:21.681874,0.8023628734796491
2024-07-12 17:49:22.683977,0.9505378035041195
2024-07-12 17:49:23.685660,0.8979446652034426
2024-07-12 17:49:24.687532,0.6715327367048545
2024-07-12 17:49:25.689151,0.07537942969118816
2024-07-12 17:49:26.690795,0.9018562662251072
2024-07-12 17:49:27.692696,0.9708071831913656
2024-07-12 17:49:28.694266,0.4804117881011002
2024-07-12 17:49:29.696122,0.003609262964015869
2024-07-12 17:49:30.698005,0.00917262502679983
2024-07-12 17:49:31.699810,0.8131669872869599
2024-07-12 17:49:32.701434,0.7203487979495177
2024-07-12 17:49:33.703532,0.9882339606445016
2024-07-12 17:49:34.705714,0.3605519521809458
2024-07-12 17:49:35.708527,0.2632570694957014
2024-07-12 17:49:36.710311,0.31366640707046967
2024-07-12 17:49:37.712436,0.29176730524438055
2024-07-12 17:49:38.714335,0.5306243411853634
2024-07-12 17:49:39.716400,0.22291020083076707
2024-07-12 17:49:40.718308,0.0011953025300179831
2024-07-12 17:49:41.720438,0.4105930054155881
2024-07-12 17:49:42.722317,0.054839463947433775
2024-07-12 17:49:43.723949,0.0090935115981019
2024-07-12 17:49:44.726167,0.1622467745424946
2024-07-12 17:49:45.728216,0.19134671459272756
2024-07-12 17:49:46.730396,0.9758118620768447
2024-07-12 17:49:47.732754,0.4931840976226821
2024-07-12 17:49:48.734714,0.967141070310369
2024-07-12 17:49:49.736956,0.5828111711168634
2024-07-12 17:49:50.738761,0.13663743895877567
2024-07-12 17:49:51.741034,0.010578767218639151
2024-07-12 17:49:52.742898,0.23295589784992887
2024-07-12 17:49:53.744870,0.32172175670809655
2024-07-12 17:49:54.746328,0.399405400498808
2024-07-12 17:49:55.748559,0.8801522544718969
2024-07-12 17:49:56.749999,0.4121651978875175
2024-07-12 17:49:57.751940,0.252032833326998
2024-07-12 17:49:58.753945,0.726163995472263
2024-07-12 17:49:59.755792,0.40605951429714615
2024-07-12 17:50:00.757689,0.9943739956601063
2024-07-12 17:50:01.759699,0.5711479350745788
2024-07-12 17:50:02.761724,0.9029019408427557
2024-07-12 17:50:03.763670,0.013864734316546445
2024-07-12 17:50:04.765186,0.8381919585644556
2024-07-12 17:50:05.766906,0.21877018492771283
2024-07-12 17:50:06.768981,0.5257810315688286
2024-07-12 17:50:07.770736,0.07052317242691308
2024-07-12 17:50:08.772801,0.6412360670103575
2024-07-12 17:50:09.775036,0.1790292158955632
2024-07-12 17:50:10.776834,0.2608562247543157
2024-07-12 17:50:11.778924,0.1487830721539648
2024-07-12 17:50:12.780655,0.2787550616948472
2024-07-12 17:50:13.782688,0.9434770928096389
2024-07-12 17:50:14.784557,0.19594244859108256
2024-07-12 17:50:15.786632,0.7451535451122778
2024-07-12 17:50:16.788556,0.46781895191420875
2024-07-12 17:50:17.790531,0.05710847732126423
2024-07-12 17:50:18.793472,0.9768611514380342
2024-07-12 17:50:19.795336,0.017139048793374134
2024-07-12 17:50:20.797370,0.010554002953285235
2024-07-12 17:50:21.798846,0.6635169841595504
2024-07-12 17:50:22.800304,0.5034708284961368
2024-07-12 17:50:23.802452,0.8202728376968238
2024-07-12 17:50:24.804546,0.07781982592102055
2024-07-12 17:50:25.806734,0.9037274919399358
2024-07-12 17:50:26.808430,0.15392266900373264
2024-07-12 17:50:27.810239,0.987727142292298
2024-07-12 17:50:28.813133,0.6702132497446067
2024-07-12 17:50:29.814800,0.7398195861269274
2024-07-12 17:50:30.816755,0.03690571586658231
2024-07-12 17:50:31.818668,0.12384888053126952
2024-07-12 17:50:32.820727,0.9896184818766804
2024-07-12 17:50:33.822209,0.14923234391848106
2024-07-12 17:50:34.824177,0.8742775080104702
2024-07-12 17:50:35.827096,0.023521004629041498
2024-07-12 17:50:36.829007,0.04209977832507095
2024-07-12 17:50:37.830541,0.47324018914236454
2024-07-12 17:50:38.832510,0.3652367116937296
2024-07-12 17:50:39.834264,0.0832839907567976
2024-07-12 17:50:40.836259,0.9412203531081964
2024-07-12 17:50:41.838082,0.008996454743234739
2024-07-12 17:50:42.839850,0.9984094230212008
2024-07-12 17:50:43.841811,0.07346451249854102
2024-07-12 17:50:44.843673,0.9478374660010142
2024-07-12 17:50:45.846127,0.5598757676809802
2024-07-12 17:50:46.848520,0.8707219943130706
2024-07-12 17:50:47.850104,0.5056305563837356
2024-07-12 17:50:48.852579,0.7241275955237275
2024-07-12 17:50:49.854279,0.5353182388196444
2024-07-12 17:50:50.856588,0.09692385752522603
2024-07-12 17:50:51.858717,0.7889389843675881
2024-07-12 17:50:52.860178,0.1265283245718345
2024-07-12 17:50:53.862576,0.020412082661906084
2024-07-12 17:50:54.864154,0.18228661317794614
2024-07-12 17:50:55.866665,0.3135761445294285
2024-07-12 17:50:56.868497,0.06812001010657687
2024-07-12 17:50:57.870321,0.5657378666717338
2024-07-12 17:50:58.872888,0.2934860985201073
2024-07-12 17:50:59.874553,0.8435672003554769
2024-07-12 17:51:00.876432,0.8654660541786876
2024-07-12 17:51:01.878201,0.6983965438933931
2024-07-12 17:51:02.879969,0.24094920206359016
2024-07-12 17:51:03.882042,0.191831158139127
2024-07-12 17:51:04.883763,0.3921044212528385
2024-07-12 17:51:05.885518,0.6306760898292617
2024-07-12 17:51:06.888033,0.1096776876677088
2024-07-12 17:51:07.890067,0.35693057152620455
2024-07-12 17:51:08.892134,0.6288855199694434
2024-07-12 17:51:09.893842,0.17270355909163937
2024-07-12 17:51:10.895718,0.18253654931169794
2024-07-12 17:51:11.897789,0.949600838270319
2024-07-12 17:51:12.900286,0.5578043671328222
2024-07-12 17:51:13.902587,0.3310913919404037
2024-07-12 17:51:14.904618,0.5187830405742346
2024-07-12 17:51:15.906491,0.5037707899588708
2024-07-12 17:51:16.908302,0.6489970719408792
2024-07-12 17:51:17.910188,0.029386248561643735
2024-07-12 17:51:18.912119,0.7132478211221018
2024-07-12 17:51:19.914249,0.8215868787478398
2024-07-12 17:51:20.915769,0.15363752342695858
2024-07-12 17:51:21.917227,0.9428079841947653
2024-07-12 17:51:22.919645,0.4282770054773618
2024-07-12 17:51:23.921918,0.6103248144946687
2024-07-12 17:51:24.923818,0.3582988504060607
2024-07-12 17:51:25.925837,0.12209709364132038
2024-07-12 17:51:26.927594,0.05925863320598923
2024-07-12 17:51:27.929475,0.07586248196299405
2024-07-12 17:51:28.931542,0.9028415059013009
2024-07-12 17:51:29.933737,0.016134332459904366
2024-07-12 17:51:30.935826,0.1777267883554663
2024-07-12 17:51:31.937688,0.3131622109778185
2024-07-12 17:51:32.939281,0.8285218188914405
2024-07-12 17:51:33.941002,0.295951081731616
2024-07-12 17:51:34.943162,0.6001887045939273
2024-07-12 17:51:35.945243,0.8499958998645226
2024-07-12 17:51:36.947133,0.33808079018798975
2024-07-12 17:51:37.948593,0.005756360818959583
2024-07-12 17:51:38.950844,0.8350302025706358
2024-07-12 17:51:39.952265,0.5782810922385913
2024-07-12 17:51:40.954194,0.016827474674384058
2024-07-12 17:51:41.956163,0.6136814510614922
2024-07-12 17:51:42.958529,0.07211348917032934
2024-07-12 17:51:43.960506,0.5785826501246633
2024-07-12 17:51:44.962676,0.6458443387538304
2024-07-12 17:51:45.964726,0.7231968839993318
2024-07-12 17:51:46.966367,0.4129734647418589
2024-07-12 17:51:47.968177,0.6230294705913247
2024-07-12 17:51:48.970573,0.3023846428830387
2024-07-12 17:51:49.972256,0.618262906267839
2024-07-12 17:51:50.974070,0.3981453570979966
2024-07-12 17:51:51.975965,0.48298064064321056
2024-07-12 17:51:52.977684,0.8164345563743427
2024-07-12 17:51:53.980055,0.6706977666592907
2024-07-12 17:51:54.981515,0.7741931416452918
2024-07-12 17:51:55.983624,0.5369130108108221
2024-07-12 17:51:56.985599,0.18376617173040932
2024-07-12 17:51:57.987862,0.5214794846537993
2024-07-12 17:51:58.991436,0.6429767528705685
2024-07-12 17:51:59.993845,0.12870665315023233
2024-07-12 17:52:00.995799,0.07925155258217464
2024-07-12 17:52:01.998009,0.35268768469401324
2024-07-12 17:52:02.999835,0.6161713007079853
2024-07-12 17:52:04.002057,0.11074132035861206
2024-07-12 17:52:05.003611,0.6169671409772637
2024-07-12 17:52:06.005721,0.5964543044394729
2024-07-12 17:52:07.007770,0.6719379923073039
2024-07-12 17:52:08.009883,0.0648755455945842
2024-07-12 17:52:09.011650,0.700450236785054
2024-07-12 17:52:10.013316,0.5130487025385936
2024-07-12 17:52:11.015257,0.013155591971686476
2024-07-12 17:52:12.017135,0.8713122193958801
2024-07-12 17:52:13.019281,0.9964882779414279
2024-07-12 17:52:14.020978,0.9344805274016551
2024-07-12 17:52:15.022779,0.9589010933667069
2024-07-12 17:52:16.024528,0.14305562664955884
2024-07-12 17:52:17.026229,0.5776894398528639
2024-07-12 17:52:18.027685,0.6866185434216805
2024-07-12 17:52:19.029167,0.2766443027543839
2024-07-12 17:52:20.031613,0.5213140063325561
2024-07-12 17:52:21.033184,0.683266661656381
2024-07-12 17:52:22.034956,0.6589031941187216
2024-07-12 17:52:23.037002,0.8535956760652382
2024-07-12 17:52:24.039039,0.18172486183159464
2024-07-12 17:52:25.040718,0.9473409280145656
2024-07-12 17:52:26.042999,0.02400932624224883
2024-07-12 17:52:27.045834,0.81390089526846
2024-07-12 17:52:28.048324,0.27139846181145033
2024-07-12 17:52:29.050439,0.5570799606224969
2024-07-12 17:52:30.052070,0.17704212846576317
2024-07-12 17:52:31.053976,0.9673878510714299
2024-07-12 17:52:32.055359,0.6777622817804858
2024-07-12 17:52:33.057080,0.2794332761068151
2024-07-12 17:52:34.058715,0.7584553211126366
2024-07-12 17:52:35.060350,0.1881220967681031
2024-07-12 17:52:36.062124,0.16127338853436457
2024-07-12 17:52:37.064146,0.5604860542375502
2024-07-12 17:52:38.066088,0.33162880859774935
2024-07-12 17:52:39.067967,0.5804184522866109
2024-07-12 17:52:40.069860,0.17811537847057368
2024-07-12 17:52:41.071564,0.7555531861823287
2024-07-12 17:52:42.073476,0.4736391641202564
2024-07-12 17:52:43.075597,0.4851674589396022
2024-07-12 17:52:44.077558,0.197547717314406
2024-07-12 17:52:45.079533,0.6748241590445644
2024-07-12 17:52:46.081241,0.4193858113883473
2024-07-12 17:52:47.083071,0.45681251065311657
2024-07-12 17:52:48.084894,0.18796970127392099
2024-07-12 17:52:49.086734,0.5305638359214137
2024-07-12 17:52:50.088552,0.6284850712670768
2024-07-12 17:52:51.090434,0.21922907185208385
2024-07-12 17:52:52.092023,0.8762060755955059
2024-07-12 17:52:53.093879,0.60313136521981
2024-07-12 17:52:54.095702,0.33198815644016444
2024-07-12 17:52:55.097603,0.8061717005884287
2024-07-12 17:52:56.099285,0.22582178872887182
2024-07-12 17:52:57.100955,0.6801457626081134
2024-07-12 17:52:58.102494,0.9012238830738056
2024-07-12 17:52:59.104296,0.49308926513427753
2024-07-12 17:53:00.106023,0.888006178574387
2024-07-12 17:53:01.107913,0.6542061175411382
2024-07-12 17:53:02.109659,0.17147802137876433
2024-07-12 17:53:03.111735,0.8250602488682344
2024-07-12 17:53:04.113805,0.509090239961173
2024-07-12 17:53:05.115773,0.4822467597800081
2024-07-12 17:53:06.117988,0.08652053577315466
2024-07-12 17:53:07.119860,0.42151350204832605
2024-07-12 17:53:08.121699,0.4350613407449
2024-07-12 17:53:09.123620,0.4198708241893083
2024-07-12 17:53:10.124932,0.6577010577318486
2024-07-12 17:53:11.126873,0.15372433866645452
2024-07-12 17:53:12.128763,0.8575385781182581
2024-07-12 17:53:13.130389,0.024198984994386996
2024-07-12 17:53:14.132123,0.8503646997313495
2024-07-12 17:53:15.133943,0.4222540205237282
2024-07-12 17:53:16.135578,0.15589007030178792
2024-07-12 17:53:17.137134,0.8653727222619716
2024-07-12 17:53:18.139090,0.886132096424857
2024-07-12 17:53:19.140740,0.6469967191893066
2024-07-12 17:53:20.142771,0.36950249980709016
2024-07-12 17:53:21.144502,0.3733336260437087
2024-07-12 17:53:22.146390,0.7000788074964236
2024-07-12 17:53:23.148192,0.2212442264354194
2024-07-12 17:53:24.150229,0.35299566909121527
2024-07-12 17:53:25.151925,0.7059509113277146
2024-07-12 17:53:26.153436,0.8162903492302698
2024-07-12 17:53:27.155480,0.44452470516663856
2024-07-12 17:53:28.157360,0.6048078068539257
2024-07-12 17:53:29.158996,0.8278642912572136
2024-07-12 17:53:30.160677,0.049748655160346766
2024-07-12 17:53:31.162619,0.948572823581513
2024-07-12 17:53:32.164127,0.8356102387181493
2024-07-12 17:53:33.165651,0.41841033742158107
2024-07-12 17:53:34.167383,0.7832441551483031
2024-07-12 17:53:35.168858,0.13342464017396527
2024-07-12 17:53:36.170680,0.76174366704981
2024-07-12 17:53:37.172698,0.5173688584553949
2024-07-12 17:53:38.174421,0.12478146497864906
2024-07-12 17:53:39.176154,0.9644693193891664
2024-07-12 17:53:40.178074,0.21675357858437505
2024-07-12 17:53:41.179822,0.3273685340117256
2024-07-12 17:53:42.181377,0.18221413938586994
2024-07-12 17:53:43.183197,0.9834819760486218
2024-07-12 17:53:44.184630,0.06292669023186992
2024-07-12 17:53:45.186319,0.1791847830504225
2024-07-12 17:53:46.191475,0.7236459358768101
2024-07-12 17:53:47.195706,0.4206061376635558
2024-07-12 17:53:48.197533,0.2884536737401072
2024-07-12 17:53:49.198909,0.15229190639728674
2024-07-12 17:53:50.200486,0.6015318424608274
2024-07-12 17:53:51.202573,0.8421552708616576
2024-07-12 17:53:52.204559,0.005236022832255549
2024-07-12 17:53:53.206203,0.9559903852648926
2024-07-12 17:53:54.207815,0.9523148431140246
2024-07-12 17:53:55.209272,0.4080831574903421
2024-07-12 17:53:56.211108,0.8129964313319422
2024-07-12 17:53:57.212523,0.5742181425382987
2024-07-12 17:53:58.214450,0.3468567355226111
2024-07-12 17:53:59.216237,0.1202063108078606
2024-07-12 17:54:00.217963,0.7072775677765757
2024-07-12 17:54:01.219673,0.4319173871681159
2024-07-12 17:54:02.221543,0.9814934086245489
2024-07-12 17:54:03.222977,0.835411961114842
2024-07-12 17:54:04.225084,0.0076317054436911835
2024-07-12 17:54:05.226832,0.3351246393923847
2024-07-12 17:54:06.228228,0.4210570903209456
2024-07-12 17:54:07.232279,0.46356083075892573
2024-07-12 17:54:08.234302,0.48885437777997787
2024-07-12 17:54:09.236012,0.5753434476586279
2024-07-12 17:54:10.237536,0.28397874511166765
2024-07-12 17:54:11.239487,0.0033717189374735668
2024-07-12 17:54:12.241678,0.6013754170424501
2024-07-12 17:54:13.244149,0.6621224702875237
2024-07-12 17:54:14.245882,0.21468694601361937
2024-07-12 17:54:15.247650,0.5864657486315424
2024-07-12 17:54:16.249511,0.3984079373291399
2024-07-12 17:54:17.251110,0.10866324583036469
2024-07-12 17:54:18.252790,0.8547029169809887
2024-07-12 17:54:19.254724,0.27377609138382764
2024-07-12 17:54:20.256667,0.7526888202286185
2024-07-12 17:54:21.258324,0.21115569422828873
2024-07-12 17:54:22.259801,0.919963791460788
2024-07-12 17:54:23.262217,0.5614579224375715
2024-07-12 17:54:24.263772,0.5120683419847231
2024-07-12 17:54:25.265993,0.16527203789651068
2024-07-12 17:54:26.267944,0.8986881243085947
2024-07-12 17:54:27.269675,0.09996405546135156
2024-07-12 17:54:28.271674,0.3254014079301697
2024-07-12 17:54:29.273509,0.2520988408219249
2024-07-12 17:54:30.275122,0.17282536045309516
2024-07-12 17:54:31.276760,0.8975621602088221
2024-07-12 17:54:32.278232,0.621398590181754
2024-07-12 17:54:33.280119,0.3715460528791259
2024-07-12 17:54:34.283516,0.5068280798641422
2024-07-12 17:54:35.285327,0.31064423722676204
2024-07-12 17:54:36.287048,0.0856580243392433
2024-07-12 17:54:37.289303,0.17988908534274484
2024-07-12 17:54:38.291379,0.7446372370266918
2024-07-12 17:54:39.293358,0.6575388521398567
2024-07-12 17:54:40.295514,0.7121500105561641
2024-07-12 17:54:41.297042,0.8062271509188844
2024-07-12 17:54:42.298889,0.3194025841239434
2024-07-12 17:54:43.300523,0.8422073744315628
2024-07-12 17:54:44.302093,0.6061675249037023
2024-07-12 17:54:45.303791,0.6864792730090089
2024-07-12 17:54:46.305260,0.27529788243540443
2024-07-12 17:54:47.306666,0.5390193575851421
2024-07-12 17:54:48.308470,0.20702083745093247
2024-07-12 17:54:49.312964,0.4561815354007397
2024-07-12 17:54:50.314396,0.5788476788345347
2024-07-12 17:54:51.315891,0.35232647441818854
2024-07-12 17:54:52.317621,0.22883353571345244
2024-07-12 17:54:53.319162,0.5833783845028581
2024-07-12 17:54:54.321486,0.999405706382416
2024-07-12 17:54:55.324129,0.25283241986923066
2024-07-12 17:54:56.325680,0.4648752002359432
2024-07-12 17:54:57.328196,0.7746976888289352
2024-07-12 17:54:58.330129,0.5610898486553533
2024-07-12 17:54:59.332541,0.27696745766241715
2024-07-12 17:55:00.334263,0.19347669955523816
2024-07-12 17:55:01.335810,0.3034959185976176
2024-07-12 17:55:02.337524,0.5741748552823873
2024-07-12 17:55:03.339174,0.3115115865770912
2024-07-12 17:55:04.341047,0.7095012689637054
2024-07-12 17:55:05.342483,0.5289987030722538
2024-07-12 17:55:06.344409,0.3578601129110014
2024-07-12 17:55:07.346188,0.2808772623299579
2024-07-12 17:55:08.347853,0.08040644000218578
2024-07-12 17:55:09.349100,0.7579944927121736
2024-07-12 17:55:10.350649,0.8491923142944235
2024-07-12 17:55:11.352696,0.20764365785533634
2024-07-12 17:55:12.354272,0.9227581795514698
2024-07-12 17:55:13.356346,0.08376140773418284
2024-07-12 17:55:14.358054,0.4284566881815539
2024-07-12 17:55:15.360059,0.9093146039036291
2024-07-12 17:55:16.361718,0.12967736134506003
2024-07-12 17:55:17.363619,0.5975058227411069
2024-07-12 17:55:18.365663,0.6035740174213745
2024-07-12 17:55:19.367352,0.8571985406440115
2024-07-12 17:55:20.369153,0.2779909201807169
2024-07-12 17:55:21.370900,0.4156344635909053
2024-07-12 17:55:22.373041,0.7957143432638788
2024-07-12 17:55:23.375118,0.010919000335292806
2024-07-12 17:55:24.377082,0.5319087029603858
2024-07-12 17:55:25.378519,0.9419167043071951
2024-07-12 17:55:26.380509,0.7610886736615099
2024-07-12 17:55:27.382073,0.7664558410320509
2024-07-12 17:55:28.383970,0.037948296482073096
2024-07-12 17:55:29.385950,0.7459326579006361
2024-07-12 17:55:30.387741,0.5608422621887242
2024-07-12 17:55:31.389260,0.28959810222012894
2024-07-12 17:55:32.391605,0.5461584649037003
2024-07-12 17:55:33.393245,0.006004516258074966
2024-07-12 17:55:34.394685,0.06315942324999613
2024-07-12 17:55:35.396603,0.4666032016241567
2024-07-12 17:55:36.399178,0.7739319001121443
2024-07-12 17:55:37.400702,0.21893040722083656
2024-07-12 17:55:38.403177,0.2824093423894838
2024-07-12 17:55:39.405163,0.7925816828850188
2024-07-12 17:55:40.407178,0.0790317237489574
2024-07-12 17:55:41.408749,0.982272273446027
2024-07-12 17:55:42.410729,0.7369009249521749
2024-07-12 17:55:43.412574,0.5750528518036903
2024-07-12 17:55:44.414652,0.7203499075424906
2024-07-12 17:55:45.416467,0.046060789056124096
2024-07-12 17:55:46.418442,0.02628710218229835
2024-07-12 17:55:47.419882,0.7922476885086285
2024-07-12 17:55:48.421548,0.7854290879685302
2024-07-12 17:55:49.422941,0.8308711076860293
2024-07-12 17:55:50.424513,0.188800962815576
2024-07-12 17:55:51.426027,0.8330320372772897
2024-07-12 17:55:52.427959,0.7604190891084436
2024-07-12 17:55:53.429835,0.8558405443233513
2024-07-12 17:55:54.431857,0.9031686195662927
2024-07-12 17:55:55.436354,0.2019848856537907
2024-07-12 17:55:56.438722,0.7302879927834399
2024-07-12 17:55:57.440348,0.11707592786942012
2024-07-12 17:55:58.441957,0.20693714525293427
2024-07-12 17:55:59.444811,0.6267659932541075
2024-07-12 17:56:00.447109,0.0924409609973017
2024-07-12 17:56:01.448984,0.6767652802298729
2024-07-12 17:56:02.450556,0.4949345236297764
2024-07-12 17:56:03.452283,0.8039831045032995
2024-07-12 17:56:04.454481,0.39346910393061585
2024-07-12 17:56:05.456256,0.17923578042866262
2024-07-12 17:56:06.458039,0.8070845780854411
2024-07-12 17:56:07.459776,0.6299109786488343
2024-07-12 17:56:08.461056,0.6986485807301905
2024-07-12 17:56:09.462772,0.7655899913449097
2024-07-12 17:56:10.464616,0.2549360241958083
2024-07-12 17:56:11.466492,0.6703406364035622
2024-07-12 17:56:12.468321,0.7600360131742724
2024-07-12 17:56:13.470033,0.9500480469003605
2024-07-12 17:56:14.471627,0.5679665986621735
2024-07-12 17:56:15.473834,0.322772977607117
2024-07-12 17:56:16.475474,0.004384461772052872
2024-07-12 17:56:17.478498,0.389312356533282
2024-07-12 17:56:18.480611,0.6167938551280062
2024-07-12 17:56:19.483130,0.3953617328933391
2024-07-12 17:56:20.484734,0.9837863025607491
2024-07-12 17:56:21.486200,0.27597163005462777
2024-07-12 17:56:22.487750,0.9423202961194295
2024-07-12 17:56:23.489255,0.6276854961274875
2024-07-12 17:56:24.490969,0.4419557178264053
2024-07-12 17:56:25.492678,0.942567600762357
2024-07-12 17:56:26.494853,0.6563929196439551
2024-07-12 17:56:27.497805,0.6099526468319153
2024-07-12 17:56:28.500093,0.3856296693364264
2024-07-12 17:56:29.502,0.8085571701063203
2024-07-12 17:56:30.504255,0.3620073382063749
2024-07-12 17:56:31.506471,0.9033559396117898
2024-07-12 17:56:32.507992,0.32145094319559386
2024-07-12 17:56:33.510135,0.417819186528949
2024-07-12 17:56:34.512387,0.31316998904322335
2024-07-12 17:56:35.514189,0.9540169171823906
2024-07-12 17:56:36.515794,0.6436061217073058
2024-07-12 17:56:37.517256,0.598476488006187
2024-07-12 17:56:38.519219,0.1239920125302999
2024-07-12 17:56:39.520850,0.4709069305624346
2024-07-12 17:56:40.522675,0.6732282999147563
2024-07-12 17:56:41.524426,0.24837201774640283
2024-07-12 17:56:42.526807,0.2075560879518379
2024-07-12 17:56:43.528874,0.4336904149939532
2024-07-12 17:56:44.530612,0.9420811994313096
2024-07-12 17:56:45.532577,0.05810803480028681
2024-07-12 17:56:46.534471,0.2047038621418814
2024-07-12 17:56:47.536245,0.280824282072507
2024-07-12 17:56:48.538061,0.7795793056439105
2024-07-12 17:56:49.539928,0.5064362914812623
2024-07-12 17:56:50.541408,0.023382038594110033
2024-07-12 17:56:51.543321,0.5483609809622253
2024-07-12 17:56:52.545006,0.03448467783125597
2024-07-12 17:56:53.546727,0.3150004156578723
2024-07-12 17:56:54.548885,0.307518570177008
2024-07-12 17:56:55.550555,0.4399664277537253
2024-07-12 17:56:56.552291,0.24765149251877683
2024-07-12 17:56:57.554322,0.9314787426305587
2024-07-12 17:56:58.556105,0.8693888032867937
2024-07-12 17:56:59.557730,0.9493524253628394
2024-07-12 17:57:00.559703,0.6967586136604957
2024-07-12 17:57:01.562132,0.29715152546875445
2024-07-12 17:57:02.564764,0.5253507156001128
2024-07-12 17:57:03.566454,0.2606265512396342
2024-07-12 17:57:04.568666,0.5487071772340829
2024-07-12 17:57:05.570222,0.43023544231127675
2024-07-12 17:57:06.571864,0.5994253529366379
2024-07-12 17:57:07.573686,0.41823009754231477
2024-07-12 17:57:08.575443,0.08993509753325812
2024-07-12 17:57:09.577940,0.8227792337728872
2024-07-12 17:57:10.580073,0.06891396381591464
2024-07-12 17:57:11.582288,0.4370990400657355
2024-07-12 17:57:12.584024,0.222062827915686
2024-07-12 17:57:13.585505,0.288474430846938
2024-07-12 17:57:14.588808,0.3671722188269786
2024-07-12 17:57:15.590703,0.919253869562929
2024-07-12 17:57:16.592145,0.6748582336798302
2024-07-12 17:57:17.594582,0.258149608432906
2024-07-12 17:57:18.596185,0.5976711262151062
2024-07-12 17:57:19.598414,0.005894037681156594
2024-07-12 17:57:20.600320,0.2730470706445568
2024-07-12 17:57:21.602039,0.37827764560114885
2024-07-12 17:57:22.603812,0.41081161628819396
2024-07-12 17:57:23.606039,0.8067835388178087
2024-07-12 17:57:24.607873,0.2006479107643322
2024-07-12 17:57:25.609614,0.17568448762220934
2024-07-12 17:57:26.611510,0.8740269174646453
2024-07-12 17:57:27.613190,0.3266713214603343
2024-07-12 17:57:28.615044,0.3409293687887095
2024-07-12 17:57:29.617486,0.08454343830369526
2024-07-12 17:57:30.619044,0.3821886009262835
2024-07-12 17:57:31.620820,0.0315094059253187
2024-07-12 17:57:32.622447,0.04169873332473417
2024-07-12 17:57:33.624508,0.1302875816490856
2024-07-12 17:57:34.626621,0.970122686580127
2024-07-12 17:57:35.628916,0.8165547776501038
2024-07-12 17:57:36.630716,0.8877903632212955
2024-07-12 17:57:37.632761,0.12459872379937553
2024-07-12 17:57:38.635231,0.4503663930036178
2024-07-12 17:57:39.637110,0.17555124240590136
2024-07-12 17:57:40.639202,0.28546964954731135
2024-07-12 17:57:41.641345,0.44886468225343945
2024-07-12 17:57:42.643343,0.8052454260034579
2024-07-12 17:57:43.645552,0.08961833031038602
2024-07-12 17:57:44.647635,0.47396593632874595
2024-07-12 17:57:45.649181,0.8617508308581351
2024-07-12 17:57:46.650876,0.5522396708964066
2024-07-12 17:57:47.652467,0.1082438777182525
2024-07-12 17:57:48.654239,0.019454836004497378
2024-07-12 17:57:49.656016,0.9155249098098852
2024-07-12 17:57:50.657845,0.569087666375424
2024-07-12 17:57:51.659262,0.2860164554159329
2024-07-12 17:57:52.660862,0.6494883136473317
2024-07-12 17:57:53.662779,0.013849990272228108
2024-07-12 17:57:54.664454,0.2993888874450097
2024-07-12 17:57:55.666587,0.863869190132859
2024-07-12 17:57:56.668567,0.8748897507326493
2024-07-12 17:57:57.670419,0.8822521566421483
2024-07-12 17:57:58.672491,0.9651169584521758
2024-07-12 17:57:59.674382,0.8574775324284053
2024-07-12 17:58:00.676160,0.9373625235386686
2024-07-12 17:58:01.678075,0.9502720620389542
2024-07-12 17:58:02.680099,0.2173630415345088
2024-07-12 17:58:03.681682,0.26681727375707753
2024-07-12 17:58:04.684201,0.8032109578609259
2024-07-12 17:58:05.686461,0.27292472844841664
2024-07-12 17:58:06.688186,0.8843935676492604
2024-07-12 17:58:07.689882,0.7345258624401588
2024-07-12 17:58:08.692033,0.8017937537883109
2024-07-12 17:58:09.694130,0.45051456024307257
2024-07-12 17:58:10.696204,0.7524162143254596
2024-07-12 17:58:11.698944,0.5275264183702998
2024-07-12 17:58:12.700702,0.32446315867849607
2024-07-12 17:58:13.702918,0.36193986627891894
2024-07-12 17:58:14.704362,0.7073695655440871
2024-07-12 17:58:15.706269,0.09725494556139302
2024-07-12 17:58:16.708560,0.38185273057300384
2024-07-12 17:58:17.710089,0.8417087405538044
2024-07-12 17:58:18.712229,0.717831015589528
2024-07-12 17:58:19.714168,0.60454507178007
2024-07-12 17:58:20.715655,0.41344252508098145
2024-07-12 17:58:21.717480,0.048499114793594145
2024-07-12 17:58:22.719228,0.6286412839311019
2024-07-12 17:58:23.721078,0.772403729527555
2024-07-12 17:58:24.722729,0.35474932366009604
2024-07-12 17:58:25.724381,0.5249063463619784
2024-07-12 17:58:26.726302,0.2103057096304487
2024-07-12 17:58:27.728403,0.2429459178523451
2024-07-12 17:58:28.730446,0.44202016558834034
2024-07-12 17:58:29.732502,0.7431398419092607
2024-07-12 17:58:30.734478,0.15806270465669203
2024-07-12 17:58:31.736150,0.23461317178441843
2024-07-12 17:58:32.737758,0.9660371738330473
2024-07-12 17:58:33.739625,0.4926846633673133
2024-07-12 17:58:34.741446,0.8449804429693836
2024-07-12 17:58:35.743742,0.38436197537425465
2024-07-12 17:58:36.745582,0.1345901102227488
2024-07-12 17:58:37.747640,0.7145109002445231
2024-07-12 17:58:38.750145,0.1959233816926531
2024-07-12 17:58:39.752454,0.8448043791288897
2024-07-12 17:58:40.755140,0.3680772264204435
2024-07-12 17:58:41.757228,0.052437034936513194
2024-07-12 17:58:42.759216,0.528009071075479
2024-07-12 17:58:43.760821,0.6350483946638601
2024-07-12 17:58:44.762824,0.8616434869696895
2024-07-12 17:58:45.764897,0.8587575246843235
2024-07-12 17:58:46.766951,0.9926462496691573
2024-07-12 17:58:47.768547,0.19717948920728012
2024-07-12 17:58:48.770203,0.8450545612883426
2024-07-12 17:58:49.771894,0.3607247646781633
2024-07-12 17:58:50.773450,0.31599198211148927
2024-07-12 17:58:51.775166,0.035379932690963733
2024-07-12 17:58:52.776573,0.32928391809318647
2024-07-12 17:58:53.778205,0.2781830083101734
2024-07-12 17:58:54.781265,0.921122360231748
2024-07-12 17:58:55.783291,0.6222792363228851
2024-07-12 17:58:56.784844,0.06717238713112994
2024-07-12 17:58:57.786921,0.059276100793376196
2024-07-12 17:58:58.788681,0.39704017271688696
2024-07-12 17:58:59.790504,0.4890544942737215
2024-07-12 17:59:00.792184,0.8814456712636913
2024-07-12 17:59:01.794095,0.5201868627739841
2024-07-12 17:59:02.795668,0.17381447516238102
2024-07-12 17:59:03.797134,0.856109529703485
2024-07-12 17:59:04.798895,0.615034016227616
2024-07-12 17:59:05.800877,0.5426133749134386
2024-07-12 17:59:06.802373,0.7245542224752669
2024-07-12 17:59:07.804174,0.7559250747576054
2024-07-12 17:59:08.805918,0.6620560924279388
2024-07-12 17:59:09.807804,0.3767203271144832
2024-07-12 17:59:10.809395,0.729892869312256
2024-07-12 17:59:11.811526,0.9274673909659841
2024-07-12 17:59:12.813699,0.36752849345697436
2024-07-12 17:59:13.815584,0.69461437447239
2024-07-12 17:59:14.817591,0.5785677497826279
2024-07-12 17:59:15.819354,0.5111497108421282
2024-07-12 17:59:16.821160,0.909975691510487
2024-07-12 17:59:17.822976,0.2430495780467763
2024-07-12 17:59:18.824368,0.8624119795699717
2024-07-12 17:59:19.825975,0.6990054893961876
2024-07-12 17:59:20.827514,0.768406100398832
2024-07-12 17:59:21.829147,0.8757128246233485
2024-07-12 17:59:22.830762,0.4965911181272936
2024-07-12 17:59:23.832370,0.0038059474980344232
2024-07-12 17:59:24.834189,0.7460247183771597
2024-07-12 17:59:25.836237,0.6084091675885306
2024-07-12 17:59:26.838374,0.21375919321708803
2024-07-12 17:59:27.840284,0.8229771147788675
2024-07-12 17:59:28.842406,0.8125320454921854
2024-07-12 17:59:29.844299,0.767832936913727
2024-07-12 17:59:30.845996,0.6113594726452968
2024-07-12 17:59:31.848202,0.6139146428466935
2024-07-12 17:59:32.850487,0.03166243054527007
2024-07-12 17:59:33.852290,0.6992116084100415
2024-07-12 17:59:34.853760,0.024921037738787843
2024-07-12 17:59:35.855973,0.9924047820643747
2024-07-12 17:59:36.857932,0.9593020433901875
2024-07-12 17:59:37.859739,0.9621215037049436
2024-07-12 17:59:38.861575,0.1111701035745224
2024-07-12 17:59:39.863537,0.1355365432482113
2024-07-12 17:59:40.865256,0.34786488370091573
2024-07-12 17:59:41.867001,0.04961085743563376
2024-07-12 17:59:42.868912,0.5546419294946493
2024-07-12 17:59:43.872786,0.8239435388072512
2024-07-12 17:59:44.875432,0.9284883522118291
2024-07-12 17:59:45.877307,0.22964772757727336
2024-07-12 17:59:46.878967,0.3704687100897974
2024-07-12 17:59:47.880836,0.9651356847154076
2024-07-12 17:59:48.882774,0.5168165783432485
2024-07-12 17:59:49.884661,0.9135537816926489
2024-07-12 17:59:50.886205,0.3967959761550799
2024-07-12 17:59:51.887905,0.8636168952985009
2024-07-12 17:59:52.889388,0.11810973349181064
2024-07-12 17:59:53.890874,0.7997698240956405
2024-07-12 17:59:54.892901,0.32739143312407737
2024-07-12 17:59:55.894386,0.46177974471305017
2024-07-12 17:59:56.896110,0.7682202420314025
2024-07-12 17:59:57.897771,0.09259139127906346
2024-07-12 17:59:58.899772,0.7230702872303826
2024-07-12 17:59:59.901932,0.6851315967226059
2024-07-12 18:00:00.903902,0.5164462562892885
2024-07-12 18:00:01.906049,0.6780219780261708
2024-07-12 18:00:02.907927,0.3346339103205387
2024-07-12 18:00:03.909745,0.4541646807481001
2024-07-12 18:00:04.911403,0.8001795760417468
2024-07-12 18:00:05.913588,0.2154953935040992
2024-07-12 18:00:06.915497,0.07601689768787512
2024-07-12 18:00:07.917599,0.3336700087412495
2024-07-12 18:00:08.919434,0.17194813188288227
2024-07-12 18:00:09.921331,0.8278071814997026
2024-07-12 18:00:10.922990,0.4127043977365421
2024-07-12 18:00:11.924518,0.6459109082416903
2024-07-12 18:00:12.926364,0.7320666711694644
2024-07-12 18:00:13.928109,0.5888637795778436
2024-07-12 18:00:14.930127,0.6708371826839566
2024-07-12 18:00:15.932371,0.7646378261303132
2024-07-12 18:00:16.934202,0.9723841302844333
2024-07-12 18:00:17.936291,0.7276635864912302
2024-07-12 18:00:18.938017,0.5479137747248655
2024-07-12 18:00:19.939742,0.08277774311013653
2024-07-12 18:00:20.941580,0.7590518300273561
2024-07-12 18:00:21.943329,0.14180755509327414
2024-07-12 18:00:22.944996,0.9139986488135299
2024-07-12 18:00:23.947039,0.7039286978109606
2024-07-12 18:00:24.949801,0.2577970124617639
2024-07-12 18:00:25.951934,0.007527310148681909
2024-07-12 18:00:26.953565,0.5050520659011073
2024-07-12 18:00:27.955795,0.1333078899160074
2024-07-12 18:00:28.959901,0.962979037374269
2024-07-12 18:00:29.961880,0.46581239751811543
2024-07-12 18:00:30.963779,0.07616289266081522
2024-07-12 18:00:31.965508,0.7158669011026881
2024-07-12 18:00:32.967563,0.7987611577225212
2024-07-12 18:00:33.969118,0.7262568111743997
2024-07-12 18:00:34.970906,0.9501981010426355
2024-07-12 18:00:35.973180,0.6548690692401944
2024-07-12 18:00:36.975560,0.25351244788271543
2024-07-12 18:00:37.977451,0.41930246841871355
2024-07-12 18:00:38.979466,0.2526183961413846
2024-07-12 18:00:39.981223,0.01945848361531255
2024-07-12 18:00:40.983095,0.2556415836144422
2024-07-12 18:00:41.985011,0.4897420070139118
2024-07-12 18:00:42.986858,0.5151006808614066
2024-07-12 18:00:43.989057,0.23167583553905835
2024-07-12 18:00:44.991488,0.8213127376769878
2024-07-12 18:00:45.993506,0.075568596085963
2024-07-12 18:00:46.995254,0.2804181068068201
2024-07-12 18:00:47.997742,0.04203665265333745
2024-07-12 18:00:48.999771,0.2735643629133908
2024-07-12 18:00:50.001913,0.9619153296532872
2024-07-12 18:00:51.003917,0.6142128507568935
2024-07-12 18:00:52.005813,0.4563800104513912
2024-07-12 18:00:53.007641,0.6082055007478063
2024-07-12 18:00:54.009266,0.5356905919821444
2024-07-12 18:00:55.011480,0.8645311514277135
2024-07-12 18:00:56.012802,0.37044650861955664
2024-07-12 18:00:57.014853,0.17406690959455673
2024-07-12 18:00:58.016705,0.33818571686982946
2024-07-12 18:00:59.018995,0.5282538755462711
2024-07-12 18:01:00.020978,0.4609570228584553
2024-07-12 18:01:01.022675,0.8068931707670056
2024-07-12 18:01:02.024293,0.16702933147145038
2024-07-12 18:01:03.026412,0.6614494300921702
2024-07-12 18:01:04.028569,0.5857318973319655
2024-07-12 18:01:05.030308,0.628090650117203
2024-07-12 18:01:06.032217,0.23990521786420704
2024-07-12 18:01:07.034141,0.9681364270928162
2024-07-12 18:01:08.035568,0.898550729267916
2024-07-12 18:01:09.042460,0.47097792090274204
2024-07-12 18:01:10.066159,0.4351228341688448
2024-07-12 18:01:11.071580,0.8812129388746048
2024-07-12 18:01:12.078384,0.6632694368197551
2024-07-12 18:01:13.080794,0.47951018161599857
2024-07-12 20:28:04.016022,0.04271259974720121
2024-07-12 20:28:05.022775,0.6875165283761454
2024-07-12 20:28:06.024949,0.3380323905725795
2024-07-12 20:28:07.041502,0.7285970719919453
2024-07-12 20:28:08.060145,0.1202538360528893
2024-07-12 20:28:09.065170,0.6788703958636296
2024-07-12 20:28:10.070290,0.4180089613237603
2024-07-12 20:28:11.074010,0.6840959540327601
2024-07-12 20:28:12.078705,0.7351182188172698
2024-07-12 20:28:13.081639,0.5298659069115177
2024-07-12 20:28:14.084519,0.7470239894716977
2024-07-12 20:28:15.087403,0.5213933981807223
2024-07-12 20:28:16.089736,0.6774407118976931
2024-07-12 20:28:17.091820,0.7571057098968245
2024-07-12 20:28:18.093528,0.9831133688926356
2024-07-12 20:28:19.095401,0.45502470888566127
2024-07-12 20:28:20.111995,0.20970162414835392
2024-07-12 20:28:21.116593,0.4475944345553585
2024-07-12 20:28:22.119072,0.6794595041495388
2024-07-12 20:28:23.121321,0.2436548116860935
2024-07-12 20:28:24.124614,0.1375231843625465
2024-07-12 20:28:25.126197,0.6433269115824468
2024-07-12 20:28:26.128380,0.9497465068948251
2024-07-12 20:28:27.130033,0.1762007495158351
2024-07-12 20:28:28.132061,0.4556850519304215
2024-07-12 20:28:29.133792,0.10283535050814707
2024-07-12 20:28:30.138013,0.20068940355392284
2024-07-12 20:28:31.140991,0.3594374299400005
2024-07-12 20:28:32.143021,0.12368722146443811
2024-07-12 20:28:33.144660,0.41298222803535145
2024-07-12 20:28:34.147056,0.28947217799038993
2024-07-12 20:28:35.149395,0.5923338882531602
2024-07-12 20:28:36.151077,0.6300322003557668
2024-07-12 20:28:37.153439,0.587101397840194
2024-07-12 20:28:38.157225,0.8140164088116598
2024-07-12 20:28:39.159704,0.06940326078248771
2024-07-12 20:28:40.161091,0.520257737888445
2024-07-12 20:28:41.163285,0.10038171462294987
2024-07-12 20:28:42.165170,0.16199421916053447
2024-07-12 20:28:43.167464,0.1528436077559493
2024-07-12 20:28:44.169210,0.38485949114371554
2024-07-12 20:28:45.170691,0.31101467804741034
2024-07-12 20:28:46.172429,0.4712815313208881
2024-07-12 20:28:47.174160,0.0332259518209983
2024-07-12 20:28:48.176871,0.45199101701365274
2024-07-12 20:28:49.179003,0.1484820342616041
2024-07-12 20:28:50.180828,0.5063360404950584
2024-07-12 20:28:51.182394,0.6419970066441663
2024-07-12 20:28:52.184606,0.8461981915389577
2024-07-12 20:28:53.186189,0.33492754318193496
2024-07-12 20:28:54.188473,0.46963269627497806
2024-07-12 20:28:55.190505,0.14733079901379043
2024-07-12 20:28:56.192635,0.3476056436163283
2024-07-12 20:28:57.194398,0.02087471186583545
2024-07-12 20:28:58.196065,0.20576779510204957
2024-07-12 20:28:59.198400,0.22101941902639222
2024-07-12 20:29:00.200224,0.43824828746412126
2024-07-12 20:29:01.202741,0.9503278700843083
2024-07-12 20:29:02.204337,0.9789365582570599
2024-07-12 20:29:03.206313,0.8393746426063182
2024-07-12 20:29:04.207924,0.8870602511606215
2024-07-12 20:29:05.210049,0.800792073455236
2024-07-12 20:29:06.212170,0.4166492747884286
2024-07-12 20:29:07.214112,0.4082018190416694
2024-07-12 20:29:08.216543,0.9899448559815329
2024-07-12 20:29:09.219374,0.24577644241023322
2024-07-12 20:29:10.221084,0.4048925841237384
2024-07-12 20:29:11.222869,0.5196439511642457
2024-07-12 20:29:12.225131,0.06994100167811412
2024-07-12 20:29:13.226898,0.5808735545469194
2024-07-12 20:29:14.228788,0.1664586672068039
2024-07-12 20:29:15.230362,0.5181923514179584
2024-07-12 20:29:16.232413,0.6290643304040253
2024-07-12 20:29:17.233893,0.5872237838150223
2024-07-12 20:29:18.235738,0.3647342107655741
2024-07-12 20:29:19.239010,0.40226359963367053
2024-07-12 20:29:20.240596,0.8547869110097718
2024-07-12 20:29:21.243122,0.043356658851843366
2024-07-12 20:29:22.244976,0.9213155529993469
2024-07-12 20:29:23.247127,0.5358716885185736
2024-07-12 20:29:24.249487,0.29341800904541204
2024-07-12 20:29:25.251007,0.04017752037362621
2024-07-12 20:29:26.252877,0.7583806014996343
